level,risk_class,margin_type,bucket,risk_factor,value_a,value_b,gap
risk_class,IR,,,,2579983.4944932107,2279850.9748271266,-300132.5196660841
risk_class,FX,,,,4218140.955210945,4166131.4854179407,-52009.469793003984
margin_type,IR,Delta,,,1732462.4232166226,1432329.9035505387,-300132.51966608386
margin_type,FX,Delta,,,3213852.9816958453,3161843.5119028413,-52009.469793003984
margin_type,FX,Curvature,,,539406.8851778344,539406.8851778344,0.0
margin_type,FX,Vega,,,464881.08833726484,464881.08833726484,0.0
margin_type,IR,Curvature,,,279161.45708904887,279161.45708904887,0.0
margin_type,IR,Vega,,,568359.6141875392,568359.6141875392,0.0
K,IR,Delta,EUR,,1503105.362772918,509866.33547922404,-993239.027293694
K,FX,Delta,FX,,3213852.9816958453,3161843.5119028413,-52009.469793003984
K,FX,Curvature,FX,,77562.16318178453,77562.16318178453,0.0
K,FX,Vega,FX,,464881.08833726484,464881.08833726484,0.0
K,IR,Curvature,EUR,,13509.013983875215,13509.013983875215,0.0
K,IR,Curvature,GBP,,3120.1380288617206,3120.1380288617206,0.0
K,IR,Curvature,USD,,16549.99363844301,16549.99363844301,0.0
K,IR,Delta,GBP,,1066237.2664392213,1066237.2664392213,0.0
K,IR,Delta,JPY,,647658.024267314,647658.024267314,0.0
K,IR,Delta,MXN,,570714.243764664,570714.243764664,0.0
K,IR,Delta,USD,,500862.948504292,500862.948504292,0.0
K,IR,Vega,EUR,,531738.8712960139,531738.8712960139,0.0
K,IR,Vega,GBP,,162692.9115049326,162692.9115049326,0.0
K,IR,Vega,USD,,172592.79080090567,172592.79080090567,0.0
factor,IR,Delta,EUR,OIS|10y,-1598396.2036553966,-371655.20847974566,1226740.9951756508
factor,FX,Delta,FX,EUR,3776328.5056560985,3703198.424881496,-73130.08077460248
factor,IR,Delta,EUR,OIS|5y,1155368.692264285,1167237.742105774,11869.049841489177
factor,IR,Delta,EUR,OIS|3y,242737.00403467173,245671.1869529267,2934.1829182549845
factor,IR,Delta,EUR,OIS|2y,409.48833680172936,1616.6081015833427,1207.1197647816134
factor,IR,Delta,EUR,OIS|1y,199.72676512937585,788.495976952133,588.7692118227571
factor,FX,Curvature,FX,EURUSD,35493.07859273009,35493.07859273009,0.0
factor,FX,Curvature,FX,GBPUSD,56171.289767770446,56171.289767770446,0.0
factor,FX,Curvature,FX,USDMXN,10687.747136443522,10687.747136443522,0.0
factor,FX,Delta,FX,GBP,-1888870.598371938,-1888870.598371938,0.0
factor,FX,Delta,FX,JPY,-1417122.8097457078,-1417122.8097457078,0.0
factor,FX,Delta,FX,MXN,360805.7081794146,360805.7081794146,0.0
factor,FX,Vega,FX,EURUSD,102298.0243589717,102298.0243589717,0.0
factor,FX,Vega,FX,GBPUSD,323793.3815138376,323793.3815138376,0.0
factor,FX,Vega,FX,USDMXN,123216.74650452813,123216.74650452813,0.0
factor,IR,Curvature,EUR,3y,8562.571748960863,8562.571748960863,0.0
factor,IR,Curvature,EUR,5y,5137.543049376518,5137.543049376518,0.0
factor,IR,Curvature,GBP,5y,-3120.1380288617206,-3120.1380288617206,0.0
