trade_id,euler_a,euler_b,gap
IRS_USD_10Y,26637.176331132647,34849.415672942996,8212.23934181035
IRS_USD_30Y,28585.766395553943,21105.70976510644,-7480.056630447503
IRS_USD_5Y,-35325.872572138906,-42626.62548571825,-7300.752913579345
SWPT_USD_1Yx5Y,168807.2994351387,174194.8832757771,5387.583840638399
IRS_USD_2Y,48907.7366888523,53506.707400083535,4598.970711231232
IRS_GBP_7Y,254430.59005774555,257382.80843943355,2952.2183816879988
IRS_EUR_10Y,484965.6245671212,482254.298729822,-2711.3258372992277
SWPT_EUR_4Yx10Y,951749.0190919488,949244.1485170274,-2504.8705749213696
IRS_EUR_5Y,-299663.4644456208,-297886.25137880445,1777.21306681633
FXO_USDMXN_C1Y,41438.4406991303,43114.18840661645,1675.7477074861526
IRS_JPY_10Y,121350.06552562116,119677.78378166257,-1672.2817439585924
IRS_MXN_3Y,74612.84738965333,75341.6130784899,728.7656888365746
FXF_USDMXN_6M,110021.78927883504,109376.33216381072,-645.4571150243282
FXO_EURUSD_C3M,1085866.7362947017,1085435.6044903398,-431.13180436193943
FXF_EURUSD_6M,1319805.5436834693,1319395.446125418,-410.09755805134773
SWPT_GBP_5Yx5Y,-49780.80759756266,-50110.59935204684,-329.79175448417664
FXO_GBPUSD_STRADDLE_C,215450.07452368733,215259.27442125973,-190.80010242760181
FXF_USDJPY_3M,107029.70870770513,107170.69287784396,140.9841701388359
FXF_GBPUSD_1Y,199939.39842097458,199836.24909073111,-103.14933024346828
FXO_GBPUSD_STRADDLE_P,409566.7051151394,409498.1447793543,-68.56033578515053
