exceptions,exceptions_label,zone,plus_factor,doc_cumulative_probability_pct,scipy_cumulative_probability_n250_p001,scipy_pct_rounded_2dp,doc_matches_scipy_rounded,source_doc,section,pdf_page,source_url,retrieved_on,source_sha256,verification_status,verification_method
0,0,green,0.00,8.11,0.0810585162,8.11,true,"BCBS 22, Supervisory framework for the use of backtesting in conjunction with the internal models approach to market risk capital requirements (January 1996)","III(c)-(f), Table 2 (250 observations, 99% coverage)",15,https://www.bis.org/publications/199601-standards-supervisory-framework-use-backtesting-conjunction-internal-models-approach-market-risk-capital.pdf,2026-10-02,e3dd0e08100ad19dd88f0305cf25c0af5384b5272f2e72aa9c10daa79fd73f28,VERIFIED_PRIMARY,"two extractors agree (PyMuPDF, markitdown) + page image check; cumulative probabilities recomputed with scipy.stats.binom(250, 0.01) and match document to 2 dp"
1,1,green,0.00,28.58,0.2857517388,28.58,true,"BCBS 22, Supervisory framework for the use of backtesting in conjunction with the internal models approach to market risk capital requirements (January 1996)","III(c)-(f), Table 2 (250 observations, 99% coverage)",15,https://www.bis.org/publications/199601-standards-supervisory-framework-use-backtesting-conjunction-internal-models-approach-market-risk-capital.pdf,2026-10-02,e3dd0e08100ad19dd88f0305cf25c0af5384b5272f2e72aa9c10daa79fd73f28,VERIFIED_PRIMARY,"two extractors agree (PyMuPDF, markitdown) + page image check; cumulative probabilities recomputed with scipy.stats.binom(250, 0.01) and match document to 2 dp"
2,2,green,0.00,54.32,0.5431689733,54.32,true,"BCBS 22, Supervisory framework for the use of backtesting in conjunction with the internal models approach to market risk capital requirements (January 1996)","III(c)-(f), Table 2 (250 observations, 99% coverage)",15,https://www.bis.org/publications/199601-standards-supervisory-framework-use-backtesting-conjunction-internal-models-approach-market-risk-capital.pdf,2026-10-02,e3dd0e08100ad19dd88f0305cf25c0af5384b5272f2e72aa9c10daa79fd73f28,VERIFIED_PRIMARY,"two extractors agree (PyMuPDF, markitdown) + page image check; cumulative probabilities recomputed with scipy.stats.binom(250, 0.01) and match document to 2 dp"
3,3,green,0.00,75.81,0.7581166978,75.81,true,"BCBS 22, Supervisory framework for the use of backtesting in conjunction with the internal models approach to market risk capital requirements (January 1996)","III(c)-(f), Table 2 (250 observations, 99% coverage)",15,https://www.bis.org/publications/199601-standards-supervisory-framework-use-backtesting-conjunction-internal-models-approach-market-risk-capital.pdf,2026-10-02,e3dd0e08100ad19dd88f0305cf25c0af5384b5272f2e72aa9c10daa79fd73f28,VERIFIED_PRIMARY,"two extractors agree (PyMuPDF, markitdown) + page image check; cumulative probabilities recomputed with scipy.stats.binom(250, 0.01) and match document to 2 dp"
4,4,green,0.00,89.22,0.8921876269,89.22,true,"BCBS 22, Supervisory framework for the use of backtesting in conjunction with the internal models approach to market risk capital requirements (January 1996)","III(c)-(f), Table 2 (250 observations, 99% coverage)",15,https://www.bis.org/publications/199601-standards-supervisory-framework-use-backtesting-conjunction-internal-models-approach-market-risk-capital.pdf,2026-10-02,e3dd0e08100ad19dd88f0305cf25c0af5384b5272f2e72aa9c10daa79fd73f28,VERIFIED_PRIMARY,"two extractors agree (PyMuPDF, markitdown) + page image check; cumulative probabilities recomputed with scipy.stats.binom(250, 0.01) and match document to 2 dp"
5,5,yellow,0.40,95.88,0.9588168159,95.88,true,"BCBS 22, Supervisory framework for the use of backtesting in conjunction with the internal models approach to market risk capital requirements (January 1996)","III(c)-(f), Table 2 (250 observations, 99% coverage)",15,https://www.bis.org/publications/199601-standards-supervisory-framework-use-backtesting-conjunction-internal-models-approach-market-risk-capital.pdf,2026-10-02,e3dd0e08100ad19dd88f0305cf25c0af5384b5272f2e72aa9c10daa79fd73f28,VERIFIED_PRIMARY,"two extractors agree (PyMuPDF, markitdown) + page image check; cumulative probabilities recomputed with scipy.stats.binom(250, 0.01) and match document to 2 dp"
6,6,yellow,0.50,98.63,0.9862985521,98.63,true,"BCBS 22, Supervisory framework for the use of backtesting in conjunction with the internal models approach to market risk capital requirements (January 1996)","III(c)-(f), Table 2 (250 observations, 99% coverage)",15,https://www.bis.org/publications/199601-standards-supervisory-framework-use-backtesting-conjunction-internal-models-approach-market-risk-capital.pdf,2026-10-02,e3dd0e08100ad19dd88f0305cf25c0af5384b5272f2e72aa9c10daa79fd73f28,VERIFIED_PRIMARY,"two extractors agree (PyMuPDF, markitdown) + page image check; cumulative probabilities recomputed with scipy.stats.binom(250, 0.01) and match document to 2 dp"
7,7,yellow,0.65,99.60,0.9959746613,99.60,true,"BCBS 22, Supervisory framework for the use of backtesting in conjunction with the internal models approach to market risk capital requirements (January 1996)","III(c)-(f), Table 2 (250 observations, 99% coverage)",15,https://www.bis.org/publications/199601-standards-supervisory-framework-use-backtesting-conjunction-internal-models-approach-market-risk-capital.pdf,2026-10-02,e3dd0e08100ad19dd88f0305cf25c0af5384b5272f2e72aa9c10daa79fd73f28,VERIFIED_PRIMARY,"two extractors agree (PyMuPDF, markitdown) + page image check; cumulative probabilities recomputed with scipy.stats.binom(250, 0.01) and match document to 2 dp"
8,8,yellow,0.75,99.89,0.9989434675,99.89,true,"BCBS 22, Supervisory framework for the use of backtesting in conjunction with the internal models approach to market risk capital requirements (January 1996)","III(c)-(f), Table 2 (250 observations, 99% coverage)",15,https://www.bis.org/publications/199601-standards-supervisory-framework-use-backtesting-conjunction-internal-models-approach-market-risk-capital.pdf,2026-10-02,e3dd0e08100ad19dd88f0305cf25c0af5384b5272f2e72aa9c10daa79fd73f28,VERIFIED_PRIMARY,"two extractors agree (PyMuPDF, markitdown) + page image check; cumulative probabilities recomputed with scipy.stats.binom(250, 0.01) and match document to 2 dp"
9,9,yellow,0.85,99.97,0.9997498099,99.97,true,"BCBS 22, Supervisory framework for the use of backtesting in conjunction with the internal models approach to market risk capital requirements (January 1996)","III(c)-(f), Table 2 (250 observations, 99% coverage)",15,https://www.bis.org/publications/199601-standards-supervisory-framework-use-backtesting-conjunction-internal-models-approach-market-risk-capital.pdf,2026-10-02,e3dd0e08100ad19dd88f0305cf25c0af5384b5272f2e72aa9c10daa79fd73f28,VERIFIED_PRIMARY,"two extractors agree (PyMuPDF, markitdown) + page image check; cumulative probabilities recomputed with scipy.stats.binom(250, 0.01) and match document to 2 dp"
10,10 or more,red,1.00,99.99,0.9999461014,99.99,true,"BCBS 22, Supervisory framework for the use of backtesting in conjunction with the internal models approach to market risk capital requirements (January 1996)","III(c)-(f), Table 2 (250 observations, 99% coverage)",15,https://www.bis.org/publications/199601-standards-supervisory-framework-use-backtesting-conjunction-internal-models-approach-market-risk-capital.pdf,2026-10-02,e3dd0e08100ad19dd88f0305cf25c0af5384b5272f2e72aa9c10daa79fd73f28,VERIFIED_PRIMARY,"two extractors agree (PyMuPDF, markitdown) + page image check; cumulative probabilities recomputed with scipy.stats.binom(250, 0.01) and match document to 2 dp"
