constant,value,unit,jurisdiction,source_doc,citation,source_url,retrieved_on,source_sha256,verification_status,verification_method
confidence_level,0.99,one-tailed,BCBS-IOSCO,"BCBS-IOSCO, Margin requirements for non-centrally cleared derivatives (April 2020)",Requirement 3.1 (PDF page 16),https://www.bis.org/publications/202004-standards-margin-requirements-non-centrally-cleared-derivatives.pdf,2026-10-02,3ba9da23ae55c5dc4ad482e06eb084ae9c9cae7400a83f5778e986dae490ece6,VERIFIED_PRIMARY,"two extractors agree (PyMuPDF, markitdown) + text read"
confidence_level,0.99,one-tailed,EU,"Commission Delegated Regulation (EU) 2016/2251 of 4 October 2016 (OJ L 340, 15.12.2016, p. 9), as published",Article 15(1),https://publications.europa.eu/resource/celex/32016R2251.ENG (Accept: application/xhtml+xml),2026-10-02,6c153382f2c2a9fe8ab792ee1097000b5fc8fddc9202262bf0501c6a8e712d0d,VERIFIED_PRIMARY,XHTML text read from publications.europa.eu (single source file)
confidence_level,0.99,one-tailed,US,"12 CFR Part 45 (OCC), eCFR as of 2026-09-30",12 CFR 45.8(d)(1),https://www.ecfr.gov/api/versioner/v1/full/2026-09-30/title-12.xml?part=45,2026-10-02,ba19b3669373df5fd8dab45926451d026cb869a2a2d3e1708a0a292be0f0603d,VERIFIED_PRIMARY,eCFR versioner XML and eCFR renderer API agree + text read
mpor_days,10,business days (minimum; longer if VM less than daily),BCBS-IOSCO,"BCBS-IOSCO, Margin requirements for non-centrally cleared derivatives (April 2020)",Requirement 3.1 and footnote 13 (PDF page 16),https://www.bis.org/publications/202004-standards-margin-requirements-non-centrally-cleared-derivatives.pdf,2026-10-02,3ba9da23ae55c5dc4ad482e06eb084ae9c9cae7400a83f5778e986dae490ece6,VERIFIED_PRIMARY,"two extractors agree (PyMuPDF, markitdown) + text read"
mpor_days,10,days (at least),EU,"Commission Delegated Regulation (EU) 2016/2251 of 4 October 2016 (OJ L 340, 15.12.2016, p. 9), as published",Article 15(1),https://publications.europa.eu/resource/celex/32016R2251.ENG (Accept: application/xhtml+xml),2026-10-02,6c153382f2c2a9fe8ab792ee1097000b5fc8fddc9202262bf0501c6a8e712d0d,VERIFIED_PRIMARY,XHTML text read from publications.europa.eu (single source file)
mpor_days,10,business days or maturity if shorter,US,"12 CFR Part 45 (OCC), eCFR as of 2026-09-30",12 CFR 45.8(d)(1): shorter of ten business days or the maturity,https://www.ecfr.gov/api/versioner/v1/full/2026-09-30/title-12.xml?part=45,2026-10-02,ba19b3669373df5fd8dab45926451d026cb869a2a2d3e1708a0a292be0f0603d,VERIFIED_PRIMARY,eCFR versioner XML and eCFR renderer API agree + text read
calibration_min_years,1,years,US,"12 CFR Part 45 (OCC), eCFR as of 2026-09-30",12 CFR 45.8(d)(2): at least one year,https://www.ecfr.gov/api/versioner/v1/full/2026-09-30/title-12.xml?part=45,2026-10-02,ba19b3669373df5fd8dab45926451d026cb869a2a2d3e1708a0a292be0f0603d,VERIFIED_PRIMARY,eCFR versioner XML and eCFR renderer API agree + text read
calibration_max_years,5,years,US,"12 CFR Part 45 (OCC), eCFR as of 2026-09-30",12 CFR 45.8(d)(2): not more than five years,https://www.ecfr.gov/api/versioner/v1/full/2026-09-30/title-12.xml?part=45,2026-10-02,ba19b3669373df5fd8dab45926451d026cb869a2a2d3e1708a0a292be0f0603d,VERIFIED_PRIMARY,eCFR versioner XML and eCFR renderer API agree + text read
calibration_min_years,3,years,EU,"Commission Delegated Regulation (EU) 2016/2251 of 4 October 2016 (OJ L 340, 15.12.2016, p. 9), as published",Article 16(1): minimum duration of 3 years,https://publications.europa.eu/resource/celex/32016R2251.ENG (Accept: application/xhtml+xml),2026-10-02,6c153382f2c2a9fe8ab792ee1097000b5fc8fddc9202262bf0501c6a8e712d0d,VERIFIED_PRIMARY,XHTML text read from publications.europa.eu (single source file)
calibration_max_years,5,years,EU,"Commission Delegated Regulation (EU) 2016/2251 of 4 October 2016 (OJ L 340, 15.12.2016, p. 9), as published",Article 16(1): maximum duration of 5 years,https://publications.europa.eu/resource/celex/32016R2251.ENG (Accept: application/xhtml+xml),2026-10-02,6c153382f2c2a9fe8ab792ee1097000b5fc8fddc9202262bf0501c6a8e712d0d,VERIFIED_PRIMARY,XHTML text read from publications.europa.eu (single source file)
calibration_max_years,5,years (no minimum stated),BCBS-IOSCO,"BCBS-IOSCO, Margin requirements for non-centrally cleared derivatives (April 2020)",Requirement 3.1: not to exceed five years (PDF page 16),https://www.bis.org/publications/202004-standards-margin-requirements-non-centrally-cleared-derivatives.pdf,2026-10-02,3ba9da23ae55c5dc4ad482e06eb084ae9c9cae7400a83f5778e986dae490ece6,VERIFIED_PRIMARY,"two extractors agree (PyMuPDF, markitdown) + text read"
stress_share_min,0.25,fraction of calibration data,EU,"Commission Delegated Regulation (EU) 2016/2251 of 4 October 2016 (OJ L 340, 15.12.2016, p. 9), as published",Article 16(2) and 16(3): at least 25 % stressed data; oldest data replaced by stress period until reached,https://publications.europa.eu/resource/celex/32016R2251.ENG (Accept: application/xhtml+xml),2026-10-02,6c153382f2c2a9fe8ab792ee1097000b5fc8fddc9202262bf0501c6a8e712d0d,VERIFIED_PRIMARY,XHTML text read from publications.europa.eu (single source file)
stress_period_required,true,no percentage stated,US,"12 CFR Part 45 (OCC), eCFR as of 2026-09-30",12 CFR 45.8(d)(2): must incorporate a period of significant financial stress,https://www.ecfr.gov/api/versioner/v1/full/2026-09-30/title-12.xml?part=45,2026-10-02,ba19b3669373df5fd8dab45926451d026cb869a2a2d3e1708a0a292be0f0603d,VERIFIED_PRIMARY,eCFR versioner XML and eCFR renderer API agree + text read
stress_period_required,true,no percentage stated,BCBS-IOSCO,"BCBS-IOSCO, Margin requirements for non-centrally cleared derivatives (April 2020)",Requirement 3.1: period of significant financial stress (PDF page 16),https://www.bis.org/publications/202004-standards-margin-requirements-non-centrally-cleared-derivatives.pdf,2026-10-02,3ba9da23ae55c5dc4ad482e06eb084ae9c9cae7400a83f5778e986dae490ece6,VERIFIED_PRIMARY,"two extractors agree (PyMuPDF, markitdown) + text read"
equally_weighted,true,calibration data,BCBS-IOSCO,"BCBS-IOSCO, Margin requirements for non-centrally cleared derivatives (April 2020)",Requirement 3.1,https://www.bis.org/publications/202004-standards-margin-requirements-non-centrally-cleared-derivatives.pdf,2026-10-02,3ba9da23ae55c5dc4ad482e06eb084ae9c9cae7400a83f5778e986dae490ece6,VERIFIED_PRIMARY,"two extractors agree (PyMuPDF, markitdown) + text read"
equally_weighted,true,calibration data,EU,"Commission Delegated Regulation (EU) 2016/2251 of 4 October 2016 (OJ L 340, 15.12.2016, p. 9), as published",Article 16(5),https://publications.europa.eu/resource/celex/32016R2251.ENG (Accept: application/xhtml+xml),2026-10-02,6c153382f2c2a9fe8ab792ee1097000b5fc8fddc9202262bf0501c6a8e712d0d,VERIFIED_PRIMARY,XHTML text read from publications.europa.eu (single source file)
equally_weighted,true,calibration data,US,"12 CFR Part 45 (OCC), eCFR as of 2026-09-30",12 CFR 45.8(d)(2),https://www.ecfr.gov/api/versioner/v1/full/2026-09-30/title-12.xml?part=45,2026-10-02,ba19b3669373df5fd8dab45926451d026cb869a2a2d3e1708a0a292be0f0603d,VERIFIED_PRIMARY,eCFR versioner XML and eCFR renderer API agree + text read
recalibration_min_frequency_years,1,at least annually,EU,"Commission Delegated Regulation (EU) 2016/2251 of 4 October 2016 (OJ L 340, 15.12.2016, p. 9), as published",Article 16(1): calibrated at least annually,https://publications.europa.eu/resource/celex/32016R2251.ENG (Accept: application/xhtml+xml),2026-10-02,6c153382f2c2a9fe8ab792ee1097000b5fc8fddc9202262bf0501c6a8e712d0d,VERIFIED_PRIMARY,XHTML text read from publications.europa.eu (single source file)
recalibration_min_frequency_years,1,data reviewed at least annually,US,"12 CFR Part 45 (OCC), eCFR as of 2026-09-30",12 CFR 45.8(d)(13),https://www.ecfr.gov/api/versioner/v1/full/2026-09-30/title-12.xml?part=45,2026-10-02,ba19b3669373df5fd8dab45926451d026cb869a2a2d3e1708a0a292be0f0603d,VERIFIED_PRIMARY,eCFR versioner XML and eCFR renderer API agree + text read
backtest_min_frequency_months,3,at least every 3 months,EU,"Commission Delegated Regulation (EU) 2016/2251 of 4 October 2016 (OJ L 340, 15.12.2016, p. 9), as published",Article 14(3),https://publications.europa.eu/resource/celex/32016R2251.ENG (Accept: application/xhtml+xml),2026-10-02,6c153382f2c2a9fe8ab792ee1097000b5fc8fddc9202262bf0501c6a8e712d0d,VERIFIED_PRIMARY,XHTML text read from publications.europa.eu (single source file)
backtest_min_frequency_months,NOT_SPECIFIED,no fixed frequency in 12 CFR 45.8,US,"12 CFR Part 45 (OCC), eCFR as of 2026-09-30",12 CFR 45.8(f)(2)(iii) requires backtesting as part of validation; (e) periodic review at least annually; no quarterly requirement found,https://www.ecfr.gov/api/versioner/v1/full/2026-09-30/title-12.xml?part=45,2026-10-02,ba19b3669373df5fd8dab45926451d026cb869a2a2d3e1708a0a292be0f0603d,VERIFIED_PRIMARY,eCFR versioner XML and eCFR renderer API agree + text read
backtest_observations,250,daily observations (about twelve months),BCBS 22,"BCBS 22, Supervisory framework for the use of backtesting in conjunction with the internal models approach to market risk capital requirements (January 1996)","Section II, page 5 of the document (PDF page 6); Table 2 sample of 250",https://www.bis.org/publications/199601-standards-supervisory-framework-use-backtesting-conjunction-internal-models-approach-market-risk-capital.pdf,2026-10-02,e3dd0e08100ad19dd88f0305cf25c0af5384b5272f2e72aa9c10daa79fd73f28,VERIFIED_PRIMARY,"two extractors agree (PyMuPDF, markitdown) + text read"
backtest_confidence,0.99,VaR coverage,BCBS 22,"BCBS 22, Supervisory framework for the use of backtesting in conjunction with the internal models approach to market risk capital requirements (January 1996)",Table 1 and Table 2 (99% true coverage),https://www.bis.org/publications/199601-standards-supervisory-framework-use-backtesting-conjunction-internal-models-approach-market-risk-capital.pdf,2026-10-02,e3dd0e08100ad19dd88f0305cf25c0af5384b5272f2e72aa9c10daa79fd73f28,VERIFIED_PRIMARY,"two extractors agree (PyMuPDF, markitdown) + text read"
traffic_light_yellow_cumprob,0.95,cumulative binomial probability at or above which the yellow zone begins,BCBS 22,"BCBS 22, Supervisory framework for the use of backtesting in conjunction with the internal models approach to market risk capital requirements (January 1996)",Section III(c),https://www.bis.org/publications/199601-standards-supervisory-framework-use-backtesting-conjunction-internal-models-approach-market-risk-capital.pdf,2026-10-02,e3dd0e08100ad19dd88f0305cf25c0af5384b5272f2e72aa9c10daa79fd73f28,VERIFIED_PRIMARY,"two extractors agree (PyMuPDF, markitdown) + text read"
traffic_light_red_cumprob,0.9999,cumulative binomial probability at or above which the red zone begins,BCBS 22,"BCBS 22, Supervisory framework for the use of backtesting in conjunction with the internal models approach to market risk capital requirements (January 1996)",Section III(c),https://www.bis.org/publications/199601-standards-supervisory-framework-use-backtesting-conjunction-internal-models-approach-market-risk-capital.pdf,2026-10-02,e3dd0e08100ad19dd88f0305cf25c0af5384b5272f2e72aa9c10daa79fd73f28,VERIFIED_PRIMARY,"two extractors agree (PyMuPDF, markitdown) + text read"
backtest_holding_period_note,1,day: BCBS 22 backtests one-day measures; comparing 10-day measures with 10-day outcomes judged not meaningful,BCBS 22,"BCBS 22, Supervisory framework for the use of backtesting in conjunction with the internal models approach to market risk capital requirements (January 1996)",Section II (PDF page 4),https://www.bis.org/publications/199601-standards-supervisory-framework-use-backtesting-conjunction-internal-models-approach-market-risk-capital.pdf,2026-10-02,e3dd0e08100ad19dd88f0305cf25c0af5384b5272f2e72aa9c10daa79fd73f28,VERIFIED_PRIMARY,"two extractors agree (PyMuPDF, markitdown) + text read"
schedule_gross_weight,0.4,Net = 0.4 * Gross + 0.6 * NGR * Gross,BCBS-IOSCO,"BCBS-IOSCO, Margin requirements for non-centrally cleared derivatives (April 2020)",Requirement 3.6 (PDF page 18),https://www.bis.org/publications/202004-standards-margin-requirements-non-centrally-cleared-derivatives.pdf,2026-10-02,3ba9da23ae55c5dc4ad482e06eb084ae9c9cae7400a83f5778e986dae490ece6,VERIFIED_PRIMARY,"two extractors agree (PyMuPDF, markitdown) + text read"
schedule_ngr_weight,0.6,Net = 0.4 * Gross + 0.6 * NGR * Gross,BCBS-IOSCO,"BCBS-IOSCO, Margin requirements for non-centrally cleared derivatives (April 2020)",Requirement 3.6 (PDF page 18),https://www.bis.org/publications/202004-standards-margin-requirements-non-centrally-cleared-derivatives.pdf,2026-10-02,3ba9da23ae55c5dc4ad482e06eb084ae9c9cae7400a83f5778e986dae490ece6,VERIFIED_PRIMARY,"two extractors agree (PyMuPDF, markitdown) + text read"
schedule_gross_weight,0.4,Initial Margin = 0.4 x Gross + 0.6 x NGR x Gross,US,"12 CFR Part 45 (OCC), eCFR as of 2026-09-30","12 CFR Part 45 Appendix A, footnote 1",https://www.ecfr.gov/api/versioner/v1/full/2026-09-30/title-12.xml?part=45,2026-10-02,ba19b3669373df5fd8dab45926451d026cb869a2a2d3e1708a0a292be0f0603d,VERIFIED_PRIMARY,eCFR versioner XML and eCFR renderer API agree + text read
schedule_ngr_weight,0.6,Initial Margin = 0.4 x Gross + 0.6 x NGR x Gross,US,"12 CFR Part 45 (OCC), eCFR as of 2026-09-30","12 CFR Part 45 Appendix A, footnote 1",https://www.ecfr.gov/api/versioner/v1/full/2026-09-30/title-12.xml?part=45,2026-10-02,ba19b3669373df5fd8dab45926451d026cb869a2a2d3e1708a0a292be0f0603d,VERIFIED_PRIMARY,eCFR versioner XML and eCFR renderer API agree + text read
schedule_ngr_when_gross_rc_zero,1.0,NGR set to 1.0 when gross replacement cost is zero,US,"12 CFR Part 45 (OCC), eCFR as of 2026-09-30","12 CFR Part 45 Appendix A, footnote 1",https://www.ecfr.gov/api/versioner/v1/full/2026-09-30/title-12.xml?part=45,2026-10-02,ba19b3669373df5fd8dab45926451d026cb869a2a2d3e1708a0a292be0f0603d,VERIFIED_PRIMARY,eCFR versioner XML and eCFR renderer API agree + text read
xccy_principal_exchange_excluded_from_model_im,true,fixed physically settled FX exchange of principal need not be modelled,US,"12 CFR Part 45 (OCC), eCFR as of 2026-09-30",12 CFR 45.8(d)(4),https://www.ecfr.gov/api/versioner/v1/full/2026-09-30/title-12.xml?part=45,2026-10-02,ba19b3669373df5fd8dab45926451d026cb869a2a2d3e1708a0a292be0f0603d,VERIFIED_PRIMARY,eCFR versioner XML and eCFR renderer API agree + text read
xccy_principal_exchange_excluded_from_model_im,true,same exclusion; schedule may use the interest-rate portion,BCBS-IOSCO,"BCBS-IOSCO, Margin requirements for non-centrally cleared derivatives (April 2020)",Requirement 1.2 (PDF pages 11-12),https://www.bis.org/publications/202004-standards-margin-requirements-non-centrally-cleared-derivatives.pdf,2026-10-02,3ba9da23ae55c5dc4ad482e06eb084ae9c9cae7400a83f5778e986dae490ece6,VERIFIED_PRIMARY,"two extractors agree (PyMuPDF, markitdown) + text read"
