matured_trades,new_trades,market_move,parameter_version,im,data_source
0,0,0,0,4970797.840798916,synthetic (no market data)
0,0,0,1,5202455.41831406,synthetic (no market data)
0,0,1,0,4842921.034295367,synthetic (no market data)
0,0,1,1,5061974.354216122,synthetic (no market data)
0,1,0,0,9547573.243061354,synthetic (no market data)
0,1,0,1,9801242.691557478,synthetic (no market data)
0,1,1,0,9273759.0343715,synthetic (no market data)
0,1,1,1,9508134.322903447,synthetic (no market data)
1,0,0,0,4056577.0094085233,synthetic (no market data)
1,0,0,1,4230986.642585475,synthetic (no market data)
1,0,1,0,4101151.09614614,synthetic (no market data)
1,0,1,1,4271283.789255287,synthetic (no market data)
1,1,0,0,9021536.208447753,synthetic (no market data)
1,1,0,1,9201630.99104669,synthetic (no market data)
1,1,1,0,8838260.416356688,synthetic (no market data)
1,1,1,1,9011267.668558633,synthetic (no market data)
