date,driver,level,shapley,shapley_share,bridge,bridge_share,one_at_a_time,im0,im1,data_source
2026-07-10,matured_trades,driver,-691528.2574319559,-0.17115045697925219,-914220.831390393,-0.22626597162273399,-914220.831390393,4970797.840798916,9011267.668558633,synthetic (no market data)
2026-07-10,new_trades,driver,4674897.996201268,1.15701841505727,4964959.199039229,1.2288073938649124,4576775.402262438,4970797.840798916,9011267.668558633,synthetic (no market data)
2026-07-10,market_move,driver,-146710.7155916897,-0.03631031089100722,-183275.79209106416,-0.04536001997388592,-127876.80650354922,4970797.840798916,9011267.668558633,synthetic (no market data)
2026-07-10,parameter_version,driver,203810.8045820938,0.05044235281298932,173007.2522019446,0.04281859773170745,231657.5775151439,4970797.840798916,9011267.668558633,synthetic (no market data)
2026-07-10,market_rates,substep,,,-498794.23136097006,-0.12344956221032644,,4970797.840798916,9011267.668558633,synthetic (no market data)
2026-07-10,market_fx,substep,,,-95144.54973084852,-0.023547892642871802,,4970797.840798916,9011267.668558633,synthetic (no market data)
2026-07-10,market_vol,substep,,,410662.98900075443,0.10163743487931232,,4970797.840798916,9011267.668558633,synthetic (no market data)
2026-07-10,sum_of_drivers,sum,4040469.8277597167,,4040469.8277597167,,3766335.34188364,4970797.840798916,9011267.668558633,synthetic (no market data)
2026-07-10,total_dIM,total,4040469.8277597167,,4040469.8277597167,,4040469.8277597167,4970797.840798916,9011267.668558633,synthetic (no market data)
2026-07-10,residual,residual,0.0,,0.0,,274134.48587607685,4970797.840798916,9011267.668558633,synthetic (no market data)
