test,model,split,value,threshold,light,n,exceptions,note,data_source
kupiec_pof,hs_im_eu_1plus3,1d,0.21577907669896584,PASS p>=0.05; AMBER 0.01<=p<0.05; RED p<0.01,PASS,1327,18,,synthetic (no market data)
christoffersen_ind,hs_im_eu_1plus3,1d,0.02182580851099731,PASS p>=0.05; AMBER 0.01<=p<0.05; RED p<0.01,AMBER,1327,18,,synthetic (no market data)
christoffersen_cc,hs_im_eu_1plus3,1d,0.03350968925211839,PASS p>=0.05; AMBER 0.01<=p<0.05; RED p<0.01,AMBER,1327,18,,synthetic (no market data)
basel_zone,hs_im_eu_1plus3,1d,18.0,"Green: Yellow once cum. binomial prob >= 95%, Red >= 99.99%",PASS,1327,18,,synthetic (no market data)
overall,hs_im_eu_1plus3,1d,18.0,"worst of Kupiec, Christoffersen independence, Basel zone",AMBER,1327,18,,synthetic (no market data)
kupiec_pof,hs_im_eu_1plus3,10d_nonoverlap,0.5803889071623929,PASS p>=0.05; AMBER 0.01<=p<0.05; RED p<0.01,PASS,132,2,,synthetic (no market data)
christoffersen_ind,hs_im_eu_1plus3,10d_nonoverlap,0.8033343954856556,PASS p>=0.05; AMBER 0.01<=p<0.05; RED p<0.01,PASS,132,2,,synthetic (no market data)
christoffersen_cc,hs_im_eu_1plus3,10d_nonoverlap,0.8320920842031077,PASS p>=0.05; AMBER 0.01<=p<0.05; RED p<0.01,PASS,132,2,,synthetic (no market data)
basel_zone,hs_im_eu_1plus3,10d_nonoverlap,2.0,"Green: Yellow once cum. binomial prob >= 95%, Red >= 99.99%",PASS,132,2,,synthetic (no market data)
overall,hs_im_eu_1plus3,10d_nonoverlap,2.0,"worst of Kupiec, Christoffersen independence, Basel zone",PASS,132,2,,synthetic (no market data)
kupiec_pof,hs_im_eu_1plus3,10d_overlapping,2.6800370245326145e-05,PASS p>=0.05; AMBER 0.01<=p<0.05; RED p<0.01,RED,1318,31,overlapping 10-day windows share days so exceptions cluster and the tests are over-sized; BCBS 22 section II warns against comparing multi-day measures with overlapping outcomes,synthetic (no market data)
christoffersen_ind,hs_im_eu_1plus3,10d_overlapping,2.720316419497849e-34,PASS p>=0.05; AMBER 0.01<=p<0.05; RED p<0.01,RED,1318,31,overlapping 10-day windows share days so exceptions cluster and the tests are over-sized; BCBS 22 section II warns against comparing multi-day measures with overlapping outcomes,synthetic (no market data)
christoffersen_cc,hs_im_eu_1plus3,10d_overlapping,6.215762912057678e-37,PASS p>=0.05; AMBER 0.01<=p<0.05; RED p<0.01,RED,1318,31,overlapping 10-day windows share days so exceptions cluster and the tests are over-sized; BCBS 22 section II warns against comparing multi-day measures with overlapping outcomes,synthetic (no market data)
basel_zone,hs_im_eu_1plus3,10d_overlapping,31.0,"Red: Yellow once cum. binomial prob >= 95%, Red >= 99.99%",RED,1318,31,overlapping 10-day windows share days so exceptions cluster and the tests are over-sized; BCBS 22 section II warns against comparing multi-day measures with overlapping outcomes,synthetic (no market data)
overall,hs_im_eu_1plus3,10d_overlapping,31.0,"worst of Kupiec, Christoffersen independence, Basel zone",RED,1318,31,overlapping 10-day windows share days so exceptions cluster and the tests are over-sized; BCBS 22 section II warns against comparing multi-day measures with overlapping outcomes,synthetic (no market data)
kupiec_pof,hs_im_ewma,1d,3.0503094917675274e-05,PASS p>=0.05; AMBER 0.01<=p<0.05; RED p<0.01,RED,1327,31,,synthetic (no market data)
christoffersen_ind,hs_im_ewma,1d,0.2030761021930345,PASS p>=0.05; AMBER 0.01<=p<0.05; RED p<0.01,PASS,1327,31,,synthetic (no market data)
christoffersen_cc,hs_im_ewma,1d,7.461555662119138e-05,PASS p>=0.05; AMBER 0.01<=p<0.05; RED p<0.01,RED,1327,31,,synthetic (no market data)
basel_zone,hs_im_ewma,1d,31.0,"Red: Yellow once cum. binomial prob >= 95%, Red >= 99.99%",RED,1327,31,,synthetic (no market data)
overall,hs_im_ewma,1d,31.0,"worst of Kupiec, Christoffersen independence, Basel zone",RED,1327,31,,synthetic (no market data)
kupiec_pof,hs_im_ewma,10d_nonoverlap,0.0027307414050798387,PASS p>=0.05; AMBER 0.01<=p<0.05; RED p<0.01,RED,132,6,,synthetic (no market data)
christoffersen_ind,hs_im_ewma,10d_nonoverlap,0.24891567409066445,PASS p>=0.05; AMBER 0.01<=p<0.05; RED p<0.01,PASS,132,6,,synthetic (no market data)
christoffersen_cc,hs_im_ewma,10d_nonoverlap,0.005774657194772223,PASS p>=0.05; AMBER 0.01<=p<0.05; RED p<0.01,RED,132,6,,synthetic (no market data)
basel_zone,hs_im_ewma,10d_nonoverlap,6.0,"Yellow: Yellow once cum. binomial prob >= 95%, Red >= 99.99%",AMBER,132,6,,synthetic (no market data)
overall,hs_im_ewma,10d_nonoverlap,6.0,"worst of Kupiec, Christoffersen independence, Basel zone",RED,132,6,,synthetic (no market data)
kupiec_pof,hs_im_ewma,10d_overlapping,1.4867752487308825e-25,PASS p>=0.05; AMBER 0.01<=p<0.05; RED p<0.01,RED,1318,66,overlapping 10-day windows share days so exceptions cluster and the tests are over-sized; BCBS 22 section II warns against comparing multi-day measures with overlapping outcomes,synthetic (no market data)
christoffersen_ind,hs_im_ewma,10d_overlapping,8.179430519318052e-56,PASS p>=0.05; AMBER 0.01<=p<0.05; RED p<0.01,RED,1318,66,overlapping 10-day windows share days so exceptions cluster and the tests are over-sized; BCBS 22 section II warns against comparing multi-day measures with overlapping outcomes,synthetic (no market data)
christoffersen_cc,hs_im_ewma,10d_overlapping,3.182360502733347e-78,PASS p>=0.05; AMBER 0.01<=p<0.05; RED p<0.01,RED,1318,66,overlapping 10-day windows share days so exceptions cluster and the tests are over-sized; BCBS 22 section II warns against comparing multi-day measures with overlapping outcomes,synthetic (no market data)
basel_zone,hs_im_ewma,10d_overlapping,66.0,"Red: Yellow once cum. binomial prob >= 95%, Red >= 99.99%",RED,1318,66,overlapping 10-day windows share days so exceptions cluster and the tests are over-sized; BCBS 22 section II warns against comparing multi-day measures with overlapping outcomes,synthetic (no market data)
overall,hs_im_ewma,10d_overlapping,66.0,"worst of Kupiec, Christoffersen independence, Basel zone",RED,1318,66,overlapping 10-day windows share days so exceptions cluster and the tests are over-sized; BCBS 22 section II warns against comparing multi-day measures with overlapping outcomes,synthetic (no market data)
kupiec_pof,hs_im_plain250,1d,0.00783773422320872,PASS p>=0.05; AMBER 0.01<=p<0.05; RED p<0.01,RED,1327,24,,synthetic (no market data)
christoffersen_ind,hs_im_plain250,1d,0.4526416652254922,PASS p>=0.05; AMBER 0.01<=p<0.05; RED p<0.01,PASS,1327,24,,synthetic (no market data)
christoffersen_cc,hs_im_plain250,1d,0.021991381351738636,PASS p>=0.05; AMBER 0.01<=p<0.05; RED p<0.01,AMBER,1327,24,,synthetic (no market data)
basel_zone,hs_im_plain250,1d,24.0,"Yellow: Yellow once cum. binomial prob >= 95%, Red >= 99.99%",AMBER,1327,24,,synthetic (no market data)
overall,hs_im_plain250,1d,24.0,"worst of Kupiec, Christoffersen independence, Basel zone",RED,1327,24,,synthetic (no market data)
kupiec_pof,hs_im_plain250,10d_nonoverlap,0.0027307414050798387,PASS p>=0.05; AMBER 0.01<=p<0.05; RED p<0.01,RED,132,6,,synthetic (no market data)
christoffersen_ind,hs_im_plain250,10d_nonoverlap,0.24891567409066445,PASS p>=0.05; AMBER 0.01<=p<0.05; RED p<0.01,PASS,132,6,,synthetic (no market data)
christoffersen_cc,hs_im_plain250,10d_nonoverlap,0.005774657194772223,PASS p>=0.05; AMBER 0.01<=p<0.05; RED p<0.01,RED,132,6,,synthetic (no market data)
basel_zone,hs_im_plain250,10d_nonoverlap,6.0,"Yellow: Yellow once cum. binomial prob >= 95%, Red >= 99.99%",AMBER,132,6,,synthetic (no market data)
overall,hs_im_plain250,10d_nonoverlap,6.0,"worst of Kupiec, Christoffersen independence, Basel zone",RED,132,6,,synthetic (no market data)
kupiec_pof,hs_im_plain250,10d_overlapping,1.8002392116812556e-11,PASS p>=0.05; AMBER 0.01<=p<0.05; RED p<0.01,RED,1318,44,overlapping 10-day windows share days so exceptions cluster and the tests are over-sized; BCBS 22 section II warns against comparing multi-day measures with overlapping outcomes,synthetic (no market data)
christoffersen_ind,hs_im_plain250,10d_overlapping,8.146413683219294e-53,PASS p>=0.05; AMBER 0.01<=p<0.05; RED p<0.01,RED,1318,44,overlapping 10-day windows share days so exceptions cluster and the tests are over-sized; BCBS 22 section II warns against comparing multi-day measures with overlapping outcomes,synthetic (no market data)
christoffersen_cc,hs_im_plain250,10d_overlapping,2.4289412963097378e-61,PASS p>=0.05; AMBER 0.01<=p<0.05; RED p<0.01,RED,1318,44,overlapping 10-day windows share days so exceptions cluster and the tests are over-sized; BCBS 22 section II warns against comparing multi-day measures with overlapping outcomes,synthetic (no market data)
basel_zone,hs_im_plain250,10d_overlapping,44.0,"Red: Yellow once cum. binomial prob >= 95%, Red >= 99.99%",RED,1318,44,overlapping 10-day windows share days so exceptions cluster and the tests are over-sized; BCBS 22 section II warns against comparing multi-day measures with overlapping outcomes,synthetic (no market data)
overall,hs_im_plain250,10d_overlapping,44.0,"worst of Kupiec, Christoffersen independence, Basel zone",RED,1318,44,overlapping 10-day windows share days so exceptions cluster and the tests are over-sized; BCBS 22 section II warns against comparing multi-day measures with overlapping outcomes,synthetic (no market data)
kupiec_pof,hs_im_scaled,1d,2.929065814852267e-17,PASS p>=0.05; AMBER 0.01<=p<0.05; RED p<0.01,RED,1327,54,,synthetic (no market data)
christoffersen_ind,hs_im_scaled,1d,3.336157638676059e-05,PASS p>=0.05; AMBER 0.01<=p<0.05; RED p<0.01,RED,1327,54,,synthetic (no market data)
christoffersen_cc,hs_im_scaled,1d,5.742365598052943e-20,PASS p>=0.05; AMBER 0.01<=p<0.05; RED p<0.01,RED,1327,54,,synthetic (no market data)
basel_zone,hs_im_scaled,1d,54.0,"Red: Yellow once cum. binomial prob >= 95%, Red >= 99.99%",RED,1327,54,,synthetic (no market data)
overall,hs_im_scaled,1d,54.0,"worst of Kupiec, Christoffersen independence, Basel zone",RED,1327,54,,synthetic (no market data)
kupiec_pof,hs_im_scaled,10d_nonoverlap,0.0027307414050798387,PASS p>=0.05; AMBER 0.01<=p<0.05; RED p<0.01,RED,132,6,,synthetic (no market data)
christoffersen_ind,hs_im_scaled,10d_nonoverlap,0.4477972392967615,PASS p>=0.05; AMBER 0.01<=p<0.05; RED p<0.01,PASS,132,6,,synthetic (no market data)
christoffersen_cc,hs_im_scaled,10d_nonoverlap,0.008415353554971697,PASS p>=0.05; AMBER 0.01<=p<0.05; RED p<0.01,RED,132,6,,synthetic (no market data)
basel_zone,hs_im_scaled,10d_nonoverlap,6.0,"Yellow: Yellow once cum. binomial prob >= 95%, Red >= 99.99%",AMBER,132,6,,synthetic (no market data)
overall,hs_im_scaled,10d_nonoverlap,6.0,"worst of Kupiec, Christoffersen independence, Basel zone",RED,132,6,,synthetic (no market data)
kupiec_pof,hs_im_scaled,10d_overlapping,5.475555308218706e-20,PASS p>=0.05; AMBER 0.01<=p<0.05; RED p<0.01,RED,1318,58,overlapping 10-day windows share days so exceptions cluster and the tests are over-sized; BCBS 22 section II warns against comparing multi-day measures with overlapping outcomes,synthetic (no market data)
christoffersen_ind,hs_im_scaled,10d_overlapping,5.41163654616476e-58,PASS p>=0.05; AMBER 0.01<=p<0.05; RED p<0.01,RED,1318,58,overlapping 10-day windows share days so exceptions cluster and the tests are over-sized; BCBS 22 section II warns against comparing multi-day measures with overlapping outcomes,synthetic (no market data)
christoffersen_cc,hs_im_scaled,10d_overlapping,6.946566242061678e-75,PASS p>=0.05; AMBER 0.01<=p<0.05; RED p<0.01,RED,1318,58,overlapping 10-day windows share days so exceptions cluster and the tests are over-sized; BCBS 22 section II warns against comparing multi-day measures with overlapping outcomes,synthetic (no market data)
basel_zone,hs_im_scaled,10d_overlapping,58.0,"Red: Yellow once cum. binomial prob >= 95%, Red >= 99.99%",RED,1318,58,overlapping 10-day windows share days so exceptions cluster and the tests are over-sized; BCBS 22 section II warns against comparing multi-day measures with overlapping outcomes,synthetic (no market data)
overall,hs_im_scaled,10d_overlapping,58.0,"worst of Kupiec, Christoffersen independence, Basel zone",RED,1318,58,overlapping 10-day windows share days so exceptions cluster and the tests are over-sized; BCBS 22 section II warns against comparing multi-day measures with overlapping outcomes,synthetic (no market data)
basel_table_last250,hs_im_eu_1plus3,1d,0.0,"Green, plus factor 0.00 (bcbs22_traffic_light.csv (BCBS 22 Table 2))",PASS,250,0,,synthetic (no market data)
rolling250_max,hs_im_eu_1plus3,1d,12.0,"Red, plus factor 1.00 (bcbs22_traffic_light.csv (BCBS 22 Table 2))",RED,250,12,,synthetic (no market data)
basel_table_last250,hs_im_ewma,1d,7.0,"Yellow, plus factor 0.65 (bcbs22_traffic_light.csv (BCBS 22 Table 2))",AMBER,250,7,,synthetic (no market data)
rolling250_max,hs_im_ewma,1d,13.0,"Red, plus factor 1.00 (bcbs22_traffic_light.csv (BCBS 22 Table 2))",RED,250,13,,synthetic (no market data)
basel_table_last250,hs_im_plain250,1d,4.0,"Green, plus factor 0.00 (bcbs22_traffic_light.csv (BCBS 22 Table 2))",PASS,250,4,,synthetic (no market data)
rolling250_max,hs_im_plain250,1d,10.0,"Red, plus factor 1.00 (bcbs22_traffic_light.csv (BCBS 22 Table 2))",RED,250,10,,synthetic (no market data)
basel_table_last250,hs_im_scaled,1d,2.0,"Green, plus factor 0.00 (bcbs22_traffic_light.csv (BCBS 22 Table 2))",PASS,250,2,,synthetic (no market data)
rolling250_max,hs_im_scaled,1d,30.0,"Red, plus factor 1.00 (bcbs22_traffic_light.csv (BCBS 22 Table 2))",RED,250,30,,synthetic (no market data)
kupiec_pof,simm_style,10d_nonoverlap,0.769952414212101,PASS p>=0.05; AMBER 0.01<=p<0.05; RED p<0.01,PASS,132,1,,synthetic (no market data)
christoffersen_ind,simm_style,10d_nonoverlap,0.9012872889140888,PASS p>=0.05; AMBER 0.01<=p<0.05; RED p<0.01,PASS,132,1,,synthetic (no market data)
christoffersen_cc,simm_style,10d_nonoverlap,0.9507994477700874,PASS p>=0.05; AMBER 0.01<=p<0.05; RED p<0.01,PASS,132,1,,synthetic (no market data)
basel_zone,simm_style,10d_nonoverlap,1.0,"Green: Yellow once cum. binomial prob >= 95%, Red >= 99.99%",PASS,132,1,,synthetic (no market data)
overall,simm_style,10d_nonoverlap,1.0,"worst of Kupiec, Christoffersen independence, Basel zone",PASS,132,1,,synthetic (no market data)
kupiec_pof,simm_style,10d_overlapping,0.8221853950716401,PASS p>=0.05; AMBER 0.01<=p<0.05; RED p<0.01,PASS,1318,14,overlapping 10-day windows share days so exceptions cluster and the tests are over-sized; BCBS 22 section II warns against comparing multi-day measures with overlapping outcomes,synthetic (no market data)
christoffersen_ind,simm_style,10d_overlapping,3.977843945870977e-23,PASS p>=0.05; AMBER 0.01<=p<0.05; RED p<0.01,RED,1318,14,overlapping 10-day windows share days so exceptions cluster and the tests are over-sized; BCBS 22 section II warns against comparing multi-day measures with overlapping outcomes,synthetic (no market data)
christoffersen_cc,simm_style,10d_overlapping,4.862890078905035e-22,PASS p>=0.05; AMBER 0.01<=p<0.05; RED p<0.01,RED,1318,14,overlapping 10-day windows share days so exceptions cluster and the tests are over-sized; BCBS 22 section II warns against comparing multi-day measures with overlapping outcomes,synthetic (no market data)
basel_zone,simm_style,10d_overlapping,14.0,"Green: Yellow once cum. binomial prob >= 95%, Red >= 99.99%",PASS,1318,14,overlapping 10-day windows share days so exceptions cluster and the tests are over-sized; BCBS 22 section II warns against comparing multi-day measures with overlapping outcomes,synthetic (no market data)
overall,simm_style,10d_overlapping,14.0,"worst of Kupiec, Christoffersen independence, Basel zone",RED,1318,14,overlapping 10-day windows share days so exceptions cluster and the tests are over-sized; BCBS 22 section II warns against comparing multi-day measures with overlapping outcomes,synthetic (no market data)
shortfall_multiplier,simm_style,10d_overlapping,0.9052668576007832,smallest k with k*IM in the Green zone,Info,1318,14,,synthetic (no market data)
shortfall_multiplier,hs_im_eu_1plus3,10d_overlapping,1.1417627924977414,smallest k with k*IM in the Green zone,Info,1318,31,,synthetic (no market data)
kupiec_pof,xva_var,1d,0.6401012644242168,PASS p>=0.05; AMBER 0.01<=p<0.05; RED p<0.01,PASS,1327,15,,synthetic (no market data)
christoffersen_ind,xva_var,1d,0.5579552732512063,PASS p>=0.05; AMBER 0.01<=p<0.05; RED p<0.01,PASS,1327,15,,synthetic (no market data)
christoffersen_cc,xva_var,1d,0.7550786708505419,PASS p>=0.05; AMBER 0.01<=p<0.05; RED p<0.01,PASS,1327,15,,synthetic (no market data)
basel_zone,xva_var,1d,15.0,"Green: Yellow once cum. binomial prob >= 95%, Red >= 99.99%",PASS,1327,15,,synthetic (no market data)
overall,xva_var,1d,15.0,"worst of Kupiec, Christoffersen independence, Basel zone",PASS,1327,15,,synthetic (no market data)
kupiec_pof,xva_var,10d_nonoverlap,0.05902245370004418,PASS p>=0.05; AMBER 0.01<=p<0.05; RED p<0.01,PASS,132,4,,synthetic (no market data)
christoffersen_ind,xva_var,10d_nonoverlap,0.08929014895240785,PASS p>=0.05; AMBER 0.01<=p<0.05; RED p<0.01,PASS,132,4,,synthetic (no market data)
christoffersen_cc,xva_var,10d_nonoverlap,0.039720671467200146,PASS p>=0.05; AMBER 0.01<=p<0.05; RED p<0.01,AMBER,132,4,,synthetic (no market data)
basel_zone,xva_var,10d_nonoverlap,4.0,"Yellow: Yellow once cum. binomial prob >= 95%, Red >= 99.99%",AMBER,132,4,,synthetic (no market data)
overall,xva_var,10d_nonoverlap,4.0,"worst of Kupiec, Christoffersen independence, Basel zone",AMBER,132,4,,synthetic (no market data)
kupiec_pof,xva_var,10d_overlapping,6.581304969449091e-05,PASS p>=0.05; AMBER 0.01<=p<0.05; RED p<0.01,RED,1318,30,overlapping 10-day windows share days so exceptions cluster and the tests are over-sized; BCBS 22 section II warns against comparing multi-day measures with overlapping outcomes,synthetic (no market data)
christoffersen_ind,xva_var,10d_overlapping,2.521873569013343e-30,PASS p>=0.05; AMBER 0.01<=p<0.05; RED p<0.01,RED,1318,30,overlapping 10-day windows share days so exceptions cluster and the tests are over-sized; BCBS 22 section II warns against comparing multi-day measures with overlapping outcomes,synthetic (no market data)
christoffersen_cc,xva_var,10d_overlapping,1.267610468641871e-32,PASS p>=0.05; AMBER 0.01<=p<0.05; RED p<0.01,RED,1318,30,overlapping 10-day windows share days so exceptions cluster and the tests are over-sized; BCBS 22 section II warns against comparing multi-day measures with overlapping outcomes,synthetic (no market data)
basel_zone,xva_var,10d_overlapping,30.0,"Red: Yellow once cum. binomial prob >= 95%, Red >= 99.99%",RED,1318,30,overlapping 10-day windows share days so exceptions cluster and the tests are over-sized; BCBS 22 section II warns against comparing multi-day measures with overlapping outcomes,synthetic (no market data)
overall,xva_var,10d_overlapping,30.0,"worst of Kupiec, Christoffersen independence, Basel zone",RED,1318,30,overlapping 10-day windows share days so exceptions cluster and the tests are over-sized; BCBS 22 section II warns against comparing multi-day measures with overlapping outcomes,synthetic (no market data)
