t,ee,mu,s,df,data_source
0.0,5259153.296026096,5259153.296026096,1e-09,1.0,synthetic (no market data)
0.25,4110043.471654883,4063072.0548209012,2424036.8917477173,0.9896919561780105,synthetic (no market data)
0.5,241926.24473830988,-1760263.225865813,2121491.207641195,0.9793848424111737,synthetic (no market data)
0.75,136714.72581034125,-3248367.6892883456,2627221.3996970863,0.9690920666252731,synthetic (no market data)
1.0,969034.2027103703,639028.1717735565,1493436.669557854,0.9588117453156362,synthetic (no market data)
1.25,321647.5244548254,-815709.2599429035,1628459.7536454576,0.9485223896113676,synthetic (no market data)
1.5,83622.39338155705,-2279909.04366134,1775585.765868212,0.9382405308935151,synthetic (no market data)
1.75,20267.97124103323,-3754093.6930731265,1951307.7872646332,0.9279683311937481,synthetic (no market data)
2.0,726007.3897549333,-336266.74960442644,2215811.8262012056,0.9177079258299853,synthetic (no market data)
2.25,465273.3151251766,-1097944.0248334652,2283333.107554401,0.9075224058874327,synthetic (no market data)
2.5,291099.5995843945,-1855269.2372847272,2361400.736128643,0.8973648977470772,synthetic (no market data)
2.75,181689.2674501756,-2608417.7609132817,2456562.199005964,0.8872370020184358,synthetic (no market data)
3.0,622931.2638491811,-982465.9525469787,2610039.3981758053,0.8771402929514076,synthetic (no market data)
3.25,638237.5766540931,-1012784.845734192,2680042.052708718,0.8671837179171415,synthetic (no market data)
3.5,654183.5820548229,-1039695.7127742693,2748527.318618358,0.8572752614053637,synthetic (no market data)
3.75,671315.8516106862,-1063133.1595719045,2816907.6560908887,0.8474158651755476,synthetic (no market data)
4.0,738508.8158133238,-918049.0785525896,2855449.2421691227,0.8376064491140877,synthetic (no market data)
4.25,756834.7579209446,-932393.3716910192,2917973.9236955754,0.8278479112089221,synthetic (no market data)
4.5,777561.0501651387,-943024.2549831921,2983137.507342036,0.8181411275326881,synthetic (no market data)
4.75,801142.4689310342,-949870.1286617583,3052021.271197538,0.8084869522343197,synthetic (no market data)
5.0,882205.0085870922,-789460.6241183603,3100845.0305324504,0.798886217538993,synthetic (no market data)
5.25,819316.9313880301,-999067.0051822336,3148683.9726419197,0.7895869273418797,synthetic (no market data)
5.5,763853.1921709639,-1208067.3053469188,3203670.8680158895,0.7803600786080556,synthetic (no market data)
5.75,715791.3466898969,-1416436.393098137,3267142.0529970103,0.77120566653546,synthetic (no market data)
6.0,948148.069708079,-855029.8216711631,3339407.9127759957,0.7621236764664058,synthetic (no market data)
6.25,897728.5893753979,-1052857.446651767,3408504.4210220417,0.7531140840058682,synthetic (no market data)
6.5,855042.4805745421,-1249828.3450079686,3488155.5979115716,0.7441768551406038,synthetic (no market data)
6.75,819934.0570579901,-1445912.1231892472,3579311.609982608,0.7353119463590579,synthetic (no market data)
7.0,1071670.109101644,-893096.0215669478,3698293.182000989,0.7265193047720172,synthetic (no market data)
7.25,1136328.374692961,-730563.4473356373,3691930.913788689,0.7177988682339667,synthetic (no market data)
7.5,1204810.3882498043,-561822.3417090011,3681364.1132739107,0.7091505654651086,synthetic (no market data)
7.75,1277635.0987781687,-386727.1544630518,3666872.6423440273,0.7005743161740027,synthetic (no market data)
8.0,1104151.0430607665,-853020.5010219294,3739938.20891877,0.6920700311807866,synthetic (no market data)
8.25,1171576.003112863,-672759.9080422282,3719203.25265291,0.6836376125409349,synthetic (no market data)
8.5,1243916.6319967252,-485819.31951046345,3695029.194027637,0.675276953669518,synthetic (no market data)
8.75,1321874.1518330975,-292043.11106621375,3667848.4275441184,0.6669879394659186,synthetic (no market data)
9.0,1148713.4671993116,-770439.5144708803,3766476.6069941605,0.6587704464389691,synthetic (no market data)
9.25,1222197.6704209214,-571015.6827964591,3735701.1116257664,0.6506243428324668,synthetic (no market data)
9.5,1302157.327228658,-364408.1234253115,3702825.340289345,0.6425494887510319,synthetic (no market data)
9.75,1389550.0888599495,-150450.41072592745,3668562.560577638,0.6345457362862656,synthetic (no market data)
10.0,1220179.406026317,-640449.9676694523,3807483.371246848,0.6266129296431743,synthetic (no market data)
10.25,1278739.148706296,-525957.1290727486,3828441.531675736,0.6190403765110369,synthetic (no market data)
10.5,1338526.1896495074,-409842.52468163875,3847038.452890873,0.6115452307216487,synthetic (no market data)
10.75,1399570.6727011928,-292080.88847561186,3863236.3619000083,0.6041268987231587,synthetic (no market data)
11.0,1251935.2248920803,-630315.9292879836,3876994.755209766,0.5967847888739142,synthetic (no market data)
11.25,1308851.6603523945,-514824.016274724,3892040.8988984413,0.5895183114735452,synthetic (no market data)
11.5,1366993.0971519009,-397687.0489975586,3904736.149802607,0.5823268787934472,synthetic (no market data)
11.75,1426394.6051955807,-278879.27465677203,3915035.8968555015,0.5752099051066686,synthetic (no market data)
12.0,1276243.728720101,-616043.9052687424,3922893.113777483,0.5681668067172039,synthetic (no market data)
12.25,1331607.9046395943,-499499.552163856,3932193.1937532346,0.5611970019886954,synthetic (no market data)
12.5,1388197.9501028669,-381285.907992058,3939128.459033373,0.5542999113725502,synthetic (no market data)
12.75,1446054.117529464,-261376.71448409092,3943648.6898497934,0.5474749574354703,synthetic (no market data)
13.0,1293408.3587858072,-597414.6677576035,3945701.439647191,0.5407215648864045,synthetic (no market data)
13.25,1347283.3747924604,-479760.6057801142,3949324.6787122614,0.5340391606029224,synthetic (no market data)
13.5,1402389.3980158586,-360411.99854010297,3950549.416220157,0.5274271736570145,synthetic (no market data)
13.75,1458772.366214906,-239342.06229156104,3949320.6031394345,0.5208850353403228,synthetic (no market data)
14.0,1303601.3281470528,-574192.9568280828,3945581.0718255173,0.5144121791888046,synthetic (no market data)
14.25,1356028.5189222926,-455367.729846565,3943516.18666233,0.508008041006833,synthetic (no market data)
14.5,1409697.3449717863,-334821.6115275759,3939002.2533428455,0.5016720588907403,synthetic (no market data)
14.75,1464660.2127890615,-212527.27121636813,3931979.8825371256,0.4954036732518019,synthetic (no market data)
15.0,1306886.2127843413,-546126.3105034756,3922387.621381679,0.48920232683867293,synthetic (no market data)
15.25,1356091.0673377872,-428971.5731884289,3913364.559372401,0.48321421693669586,synthetic (no market data)
15.5,1406389.727986195,-310238.01956900745,3901794.6831159634,0.4772931487771075,synthetic (no market data)
15.75,1457833.4623407223,-189902.93173144318,3887617.323651325,0.4714384551300753,synthetic (no market data)
16.0,1295622.5165426028,-525612.6459013511,3870770.0033495533,0.4656494743520423,synthetic (no market data)
16.25,1342950.7011337932,-407700.79446496465,3855720.4515718417,0.4599255503516788,synthetic (no market data)
16.5,1391379.4045573035,-288194.1966443152,3838053.844794671,0.4542660325558918,synthetic (no market data)
16.75,1440967.6924236794,-167069.83177992638,3817706.2848554906,0.4486702758758911,synthetic (no market data)
17.0,1276070.7421474375,-501973.72772805544,3794612.0793101517,0.4431376406733171,synthetic (no market data)
17.25,1321484.8235009115,-383263.4972992466,3773373.3624155982,0.43766749272642946,synthetic (no market data)
17.5,1368014.4048800855,-262941.9519014754,3749436.3813200234,0.4322592031963598,synthetic (no market data)
17.75,1415728.0829138563,-140985.75733870445,3722734.1282471274,0.4269121485934309,synthetic (no market data)
18.0,1248023.8479793028,-475040.6221139493,3693197.7976786424,0.4216257107435428,synthetic (no market data)
18.25,1291474.3119404342,-355488.1295553563,3665560.1006257674,0.41639927675462857,synthetic (no market data)
18.5,1336065.9699646884,-234307.073213615,3635132.4378813487,0.41123223898318106,synthetic (no market data)
18.75,1381879.381168341,-111473.79386891656,3601844.7425598716,0.40612399500085256,synthetic (no market data)
19.0,1211207.3235512923,-444633.66897866706,3565625.1329961326,0.40107394756112924,synthetic (no market data)
19.25,1252634.6033580983,-324192.24176110467,3531333.326071376,0.39608150456608193,synthetic (no market data)
19.5,1295242.9991999622,-202104.27713325137,3494149.568255824,0.3911460790331939,synthetic (no market data)
19.75,1339128.5012041067,-78345.77861845902,3454000.7308402513,0.3862670890622699,synthetic (no market data)
20.0,1165282.0641286569,-410561.78017722623,3410811.84257221,0.38144395780242424,synthetic (no market data)
20.25,1203191.6738370694,-291546.58904221654,3368745.7151695914,0.37676786536797835,synthetic (no market data)
20.5,1242217.2494835495,-170984.5687365134,3323677.1286717015,0.37214645691128295,synthetic (no market data)
20.75,1282466.539371912,-48854.78927151226,3275532.9574854397,0.3675791268453669,synthetic (no market data)
21.0,1103937.5279937137,-382805.4265832302,3224238.385182416,0.3630652758696959,synthetic (no market data)
21.25,1139365.7114340225,-263169.4749280605,3174899.4273725804,0.35860431090992045,synthetic (no market data)
21.5,1175975.4990630515,-141975.34722108932,3122445.944121222,0.35419564505814294,synthetic (no market data)
21.75,1213900.069397228,-19201.91875472386,3066802.1592573556,0.34983869751370184,synthetic (no market data)
22.0,1031956.7648746949,-352497.16747275396,3007890.578457832,0.34553289352446825,synthetic (no market data)
22.25,1064792.2004997728,-232207.03421584418,2950935.2016265052,0.3412776643286509,synthetic (no market data)
22.5,1098906.8171023687,-110346.90697131926,2890744.3851314806,0.3370724470971062,synthetic (no market data)
22.75,1134469.8168033727,13104.54070145096,2827239.6430115276,0.3329166848761491,synthetic (no market data)
23.0,948834.84236745,-319500.4640260695,2760340.7384516145,0.3288098265308627,synthetic (no market data)
23.25,978958.6435221212,-198520.80171811985,2695386.912818857,0.32475132668889883,synthetic (no market data)
23.5,1010507.0078766389,-75958.82847968601,2627067.6539321314,0.32074064568477184,synthetic (no market data)
23.75,1043702.7801322436,48206.991295021486,2555301.684768475,0.3167772495046354,synthetic (no market data)
24.0,854009.000907576,-283670.9025597213,2480005.9399855547,0.312860609731545,synthetic (no market data)
24.25,881298.6477590554,-161964.32304000776,2406632.3096405123,0.3089902034911964,synthetic (no market data)
24.5,910234.0006684682,-38662.58697622506,2329753.851325109,0.3051655133981418,synthetic (no market data)
24.75,941123.1957747726,86256.05827908363,2249286.396038093,0.3013860275024763,synthetic (no market data)
25.0,746857.213240595,-244855.72677818697,2165143.944629119,0.29765123923699305,synthetic (no market data)
25.25,771194.9126490178,-122382.67982603345,2082888.5776591701,0.2939606473648029,synthetic (no market data)
25.5,797529.1826701825,1698.9294372346917,1996979.1841606349,0.29031375592741493,synthetic (no market data)
25.75,826316.6545757104,127411.07904968478,1907328.5841881467,0.2867100741932748,synthetic (no market data)
26.0,626696.2065773654,-202893.3413526506,1813847.7216747596,0.2831491166067565,synthetic (no market data)
26.25,647988.9710127928,-79611.98589259681,1722206.5303058897,0.27963040273760564,synthetic (no market data)
26.5,671877.571244343,45291.93121571883,1626751.8325232011,0.27615345723082874,synthetic (no market data)
26.75,699114.4045208724,171840.62225217832,1527393.3013810317,0.27271780975702703,synthetic (no market data)
27.0,492778.9944546986,-157612.78501851665,1424038.683839137,0.26932299496317014,synthetic (no market data)
27.25,511016.2429770818,-33478.85240901032,1322463.5378154982,0.2659685524238063,synthetic (no market data)
27.5,533016.3738463143,92292.27022873735,1216904.5757421197,0.2626540265927068,synthetic (no market data)
27.75,560266.3610809639,219723.03880164414,1107268.1710552128,0.2593789667549402,synthetic (no market data)
28.0,344291.9491857566,-108833.17126604058,993458.7171703324,0.2561429269793727,synthetic (no market data)
28.25,359769.3649868313,16200.179828895074,881355.26475829,0.25294546607159324,synthetic (no market data)
28.5,381975.74978566094,142886.01603386097,765086.2396150859,0.24978614752725797,synthetic (no market data)
28.75,415202.75026356976,271247.04683591734,644554.546546747,0.2466645394858517,synthetic (no market data)
29.0,180351.43345002717,-56363.0945736202,519661.05240141327,0.2435802146848633,synthetic (no market data)
29.25,195377.65456413565,69619.24311564483,396386.2566120499,0.24053275041437144,synthetic (no market data)
29.5,233504.9323550631,197270.06768236938,268751.9988476888,0.2375217284720375,synthetic (no market data)
29.75,326995.4715009939,326612.35275074944,136657.52975568085,0.23454673511850263,synthetic (no market data)
30.0,3.989422804014327e-10,0.0,1e-09,0.2316073610331857,synthetic (no market data)
