trade_id,portfolio_id,counterparty,product,ccy,ccy2,notional,direction,start,maturity,expiry,strike,vol_type,opt_type,settle_notional_exchange,basis_spread,pv
IRS_USD_2Y,NS_A,CPTY_B,IRS,USD,,60000000.0,1,0.0,2.0,,0.03962791599612797,,,,,475770.61660646123
IRS_USD_5Y,NS_A,CPTY_B,IRS,USD,,40000000.0,-1,0.0,5.0,,0.03987414638410709,,,,,-1042407.7525561703
IRS_USD_10Y,NS_A,CPTY_B,IRS,USD,,25000000.0,1,0.0,10.0,,0.04292137841639298,,,,,904650.8317029384
IRS_USD_30Y,NS_A,CPTY_B,IRS,USD,,10000000.0,-1,0.0,30.0,,0.045766939948442456,,,,,-539620.1632585729
IRS_EUR_5Y,NS_A,CPTY_B,IRS,EUR,,30000000.0,1,0.0,5.0,,0.024061861880444194,,,,,362788.00057381665
IRS_EUR_10Y,NS_A,CPTY_B,IRS,EUR,,20000000.0,-1,0.0,10.0,,0.027485560067619534,,,,,179763.14919883027
IRS_GBP_7Y,NS_A,CPTY_B,IRS,GBP,,25000000.0,1,0.0,7.0,,0.04145532867744461,,,,,152323.82517048475
IRS_JPY_10Y,NS_A,CPTY_B,IRS,JPY,,4000000000.0,-1,0.0,10.0,,0.013896767077206799,,,,,-865234.2512765538
IRS_MXN_3Y,NS_A,CPTY_B,IRS,MXN,,500000000.0,1,0.0,3.0,,0.08824636246549723,,,,,1891311.2353143962
SWPT_USD_1Yx5Y,NS_A,CPTY_B,SWAPTION,USD,,50000000.0,1,1.0,6.0,1.0,0.04287884320961604,normal,payer,,,1213662.417524796
SWPT_EUR_4Yx10Y,NS_A,CPTY_B,SWAPTION,EUR,,30000000.0,1,4.0,14.0,4.0,0.026976459753753023,normal,receiver,,,2062559.8388872002
SWPT_GBP_5Yx5Y,NS_A,CPTY_B,SWAPTION,GBP,,25000000.0,-1,5.0,10.0,5.0,0.04274777247701938,normal,payer,,,-1037840.312394744
FXF_EURUSD_6M,NS_A,CPTY_B,FXFWD,EUR,USD,25000000.0,1,0.0,0.5,,1.0924328160239887,,,,,3371586.699057233
FXF_GBPUSD_1Y,NS_A,CPTY_B,FXFWD,GBP,USD,15000000.0,-1,0.0,1.0,,1.2629755907365148,,,,,-299975.15386015474
FXF_USDJPY_3M,NS_A,CPTY_B,FXFWD,USD,JPY,20000000.0,1,0.0,0.25,,148.35088635425123,,,,,-250225.0258041605
FXF_USDMXN_6M,NS_A,CPTY_B,FXFWD,USD,MXN,10000000.0,-1,0.0,0.5,,18.63553130607077,,,,,918421.2851575513
FXO_EURUSD_C3M,NS_A,CPTY_B,FXOPT,EUR,USD,20000000.0,1,0.0,0.25,0.25,1.0948839910897477,lognormal,call,,,2572583.6119987904
FXO_USDMXN_C1Y,NS_A,CPTY_B,FXOPT,USD,MXN,10000000.0,1,0.0,1.0,1.0,19.689494139835652,lognormal,call,,,187279.1500433045
FXO_GBPUSD_STRADDLE_C,NS_A,CPTY_B,FXOPT,GBP,USD,15000000.0,1,0.0,0.5,0.5,1.2704373075508246,lognormal,call,,,796644.1057180399
FXO_GBPUSD_STRADDLE_P,NS_A,CPTY_B,FXOPT,GBP,USD,15000000.0,1,0.0,0.5,0.5,1.2704373075508246,lognormal,put,,,627283.6775987676
