trade_id,asset_class,duration_years,notional_usd,rate,gross_im
IRS_USD_2Y,Interest rate,2.0,60000000.0,0.02,1200000.0
IRS_USD_5Y,Interest rate,5.0,40000000.0,0.04,1600000.0
IRS_USD_10Y,Interest rate,10.0,25000000.0,0.04,1000000.0
IRS_USD_30Y,Interest rate,30.0,10000000.0,0.04,400000.0
IRS_EUR_5Y,Interest rate,5.0,32400000.000000004,0.04,1296000.0000000002
IRS_EUR_10Y,Interest rate,10.0,21600000.0,0.04,864000.0
IRS_GBP_7Y,Interest rate,7.0,31750000.0,0.04,1270000.0
IRS_JPY_10Y,Interest rate,10.0,27027027.02702703,0.04,1081081.0810810812
IRS_MXN_3Y,Interest rate,3.0,27777777.777777776,0.02,555555.5555555555
SWPT_USD_1Yx5Y,Interest rate,6.0,50000000.0,0.04,2000000.0
SWPT_EUR_4Yx10Y,Interest rate,14.0,32400000.000000004,0.04,1296000.0000000002
SWPT_GBP_5Yx5Y,Interest rate,10.0,31750000.0,0.04,1270000.0
FXF_EURUSD_6M,Foreign exchange,0.5,27000000.0,0.06,1620000.0
FXF_GBPUSD_1Y,Foreign exchange,1.0,19050000.0,0.06,1143000.0
FXF_USDJPY_3M,Foreign exchange,0.25,20000000.0,0.06,1200000.0
FXF_USDMXN_6M,Foreign exchange,0.5,10000000.0,0.06,600000.0
FXO_EURUSD_C3M,Foreign exchange,0.25,21600000.0,0.06,1296000.0
FXO_USDMXN_C1Y,Foreign exchange,1.0,10000000.0,0.06,600000.0
FXO_GBPUSD_STRADDLE_C,Foreign exchange,0.5,19050000.0,0.06,1143000.0
FXO_GBPUSD_STRADDLE_P,Foreign exchange,0.5,19050000.0,0.06,1143000.0
