,simm_im
2021-08-30,3845550.9409474307
2021-08-31,3869497.122174821
2021-09-01,3886506.0500590997
2021-09-02,3886325.6244650525
2021-09-03,3874412.499195505
2021-09-06,3851382.7558367252
2021-09-07,3851470.942722957
2021-09-08,3850504.755671496
2021-09-09,3832506.6173529434
2021-09-10,3794166.4631006005
2021-09-13,3793849.9439570247
2021-09-14,3790983.762832815
2021-09-15,3801318.540176295
2021-09-16,3821060.484913096
2021-09-17,3820110.381436252
2021-09-20,3805998.2046283274
2021-09-21,3801599.6805144255
2021-09-22,3800991.8909037565
2021-09-23,3797043.6020785687
2021-09-24,3778364.314399955
2021-09-27,3768419.4796760264
2021-09-28,3760853.2783662737
2021-09-29,3763939.472869445
2021-09-30,3790183.134528893
2021-10-01,3799456.5754455617
2021-10-04,3783838.6445122734
2021-10-05,3745297.094911075
2021-10-06,3710457.255539475
2021-10-07,3678508.453995361
2021-10-08,3700424.3390846904
2021-10-11,3702054.6487258393
2021-10-12,3700696.5299397586
2021-10-13,3653817.921136048
2021-10-14,3643276.938761516
2021-10-15,3670713.8665929316
2021-10-18,3696720.4639624474
2021-10-19,3690688.439113544
2021-10-20,3720739.530187887
2021-10-21,3736460.001677862
2021-10-22,3754424.6050265217
2021-10-25,3804857.969072022
2021-10-26,3814550.244035464
2021-10-27,3778691.9993226556
2021-10-28,3782728.1064277883
2021-10-29,3738419.086202457
2021-11-01,3758799.3758040597
2021-11-02,3755990.0818666127
2021-11-03,3719012.35891104
2021-11-04,3725974.696973047
2021-11-05,3730100.2090379233
2021-11-08,3686587.6397807496
2021-11-09,3708512.7541580414
2021-11-10,3715096.9040530953
2021-11-11,3671748.4009040995
2021-11-12,3675404.8544720043
2021-11-15,3686120.9939299715
2021-11-16,3657062.412646574
2021-11-17,3586306.230671204
2021-11-18,3585835.6016960903
2021-11-19,3601393.9089759295
2021-11-22,3599884.7517714435
2021-11-23,3629519.3940323773
2021-11-24,3630383.3539126976
2021-11-25,3630378.6168328836
2021-11-26,3615574.3997205156
2021-11-29,3633507.7992513436
2021-11-30,3659465.71733587
2021-12-01,3649900.399806795
2021-12-02,3687658.1375340656
2021-12-03,3694566.127495592
2021-12-06,3694058.8658502204
2021-12-07,3752710.347819692
2021-12-08,3749663.005487148
2021-12-09,3828761.51845069
2021-12-10,3856624.772481649
2021-12-13,3875015.2390712495
2021-12-14,3824391.944949505
2021-12-15,3839102.083624565
2021-12-16,3834294.98170854
2021-12-17,3834542.911732344
2021-12-20,3833680.47118096
2021-12-21,3863295.8769845553
2021-12-22,3880245.3813083633
2021-12-23,3883460.015148241
2021-12-24,3877070.563549984
2021-12-27,3926088.3593098363
2021-12-28,3937555.1536764894
2021-12-29,3903504.5728564765
2021-12-30,3913005.741136835
2021-12-31,3923772.585660975
2022-01-03,3911374.0742259533
2022-01-04,3893717.8545002816
2022-01-05,3928260.5024064356
2022-01-06,3873189.087649708
2022-01-07,3867944.9986935286
2022-01-10,3902519.4311070275
2022-01-11,3923451.9623808167
2022-01-12,3903605.8651448563
2022-01-13,3819415.5826499863
2022-01-14,3788778.620960249
2022-01-17,3773336.1749786176
2022-01-18,3787031.411632526
2022-01-19,3760964.9900937304
2022-01-20,3822866.4533380284
2022-01-21,3798002.61720488
2022-01-24,3768000.8371966854
2022-01-25,3760569.4773125234
2022-01-26,3739456.1307764333
2022-01-27,3741902.54523967
2022-01-28,3757348.855733729
2022-01-31,3729277.5937669906
2022-02-01,3765490.9967107913
2022-02-02,3742551.3324531605
2022-02-03,3732162.072152254
2022-02-04,3742765.578874981
2022-02-07,3747378.838876856
2022-02-08,3705457.1668510917
2022-02-09,3766546.0723373
2022-02-10,3797303.2304627625
2022-02-11,3922426.717609924
2022-02-14,3837805.150162824
2022-02-15,3838514.735254158
2022-02-16,3899065.1822835184
2022-02-17,3865012.2870391123
2022-02-18,3846440.962094944
2022-02-21,3837501.8614123343
2022-02-22,3824682.9262811323
2022-02-23,3821797.1752805617
2022-02-24,3848778.309528532
2022-02-25,3842566.9488872048
2022-02-28,3853939.2336246436
2022-03-01,3812600.426212731
2022-03-02,3776043.5731148873
2022-03-03,3748729.0337506984
2022-03-04,3713919.4122264143
2022-03-07,3727981.8126638453
2022-03-08,3722782.2571100984
2022-03-09,3735234.283296684
2022-03-10,3737996.5369037916
2022-03-11,3716638.4590133666
2022-03-14,3717261.364043245
2022-03-15,3723432.359277422
2022-03-16,3720793.104453746
2022-03-17,3737274.550352251
2022-03-18,3752956.3973187683
2022-03-21,3716992.03606531
2022-03-22,3752688.7679423313
2022-03-23,3760954.8959013503
2022-03-24,3785498.810104419
2022-03-25,3812306.5621022563
2022-03-28,3824073.947700175
2022-03-29,3803411.036097375
2022-03-30,3780699.43153453
2022-03-31,3817397.935313391
2022-04-01,3789798.2737337663
2022-04-04,3823740.2183380597
2022-04-05,3785291.6341820476
2022-04-06,3764291.8514048024
2022-04-07,3783531.2686429718
2022-04-08,3777924.959175982
2022-04-11,3822942.10548228
2022-04-12,3818021.463179731
2022-04-13,3807337.914479762
2022-04-14,3776532.396075497
2022-04-15,3814692.3698346443
2022-04-18,3839496.439857409
2022-04-19,3855466.419973144
2022-04-20,3817680.9806739152
2022-04-21,3842765.6329624644
2022-04-22,3896115.1998671987
2022-04-25,3922035.079523196
2022-04-26,4080601.5922640213
2022-04-27,4088913.9918463994
2022-04-28,4041227.5566919935
2022-04-29,4139769.860471857
2022-05-02,4233876.294524198
2022-05-03,4188394.5961033176
2022-05-04,4232691.320581304
2022-05-05,4268480.859405589
2022-05-06,4272981.20175598
2022-05-09,4148100.115113223
2022-05-10,4177925.58166149
2022-05-11,4097025.223028354
2022-05-12,4082810.589249753
2022-05-13,4135840.6226197993
2022-05-16,4240288.941861991
2022-05-17,4267594.002037541
2022-05-18,4238549.892939086
2022-05-19,4210538.1894527525
2022-05-20,4195103.659476139
2022-05-23,4246824.094279362
2022-05-24,4283158.468827042
2022-05-25,4264229.0158511745
2022-05-26,4256195.809095011
2022-05-27,4080153.3102554735
2022-05-30,4075177.6215120787
2022-05-31,4131871.3930796073
2022-06-01,4110603.2282617805
2022-06-02,4085992.9867640147
2022-06-03,4187349.6020990787
2022-06-06,4173927.42589784
2022-06-07,4226794.755226689
2022-06-08,4210478.0453023575
2022-06-09,4344469.040384763
2022-06-10,4305830.012650851
2022-06-13,4360333.460820605
2022-06-14,4373834.917943278
2022-06-15,4424022.070026981
2022-06-16,4489118.198698991
2022-06-17,4551637.214550858
2022-06-20,4579959.238586381
2022-06-21,4545402.805726191
2022-06-22,4540713.641868647
2022-06-23,4545775.067310512
2022-06-24,4467620.097543643
2022-06-27,4529387.333190286
2022-06-28,4405738.194144043
2022-06-29,4468240.203524306
2022-06-30,4471215.434322075
2022-07-01,4438117.272360154
2022-07-04,4553344.5743538765
2022-07-05,4602318.393761564
2022-07-06,4608702.270365903
2022-07-07,4599226.190779806
2022-07-08,4603220.680844779
2022-07-11,4579135.447571202
2022-07-12,4595019.887973442
2022-07-13,4533087.195531143
2022-07-14,4544875.507805379
2022-07-15,4572888.4666225845
2022-07-18,4567308.307293669
2022-07-19,4550281.202125539
2022-07-20,4523918.271427436
2022-07-21,4569806.385449577
2022-07-22,4530421.5723866895
2022-07-25,4521808.005167012
2022-07-26,4484619.801749005
2022-07-27,4488343.404018755
2022-07-28,4461580.991367853
2022-07-29,4464053.71246003
2022-08-01,4490619.399952837
2022-08-02,4529142.188029484
2022-08-03,4490858.394674222
2022-08-04,4473772.790723447
2022-08-05,4480435.732470139
2022-08-08,4494434.770682666
2022-08-09,4500939.144612949
2022-08-10,4444930.24434375
2022-08-11,4426255.549639252
2022-08-12,4420395.179839918
2022-08-15,4415398.661352233
2022-08-16,4389589.325822208
2022-08-17,4482301.515183254
2022-08-18,4461193.203639784
2022-08-19,4450589.4618565105
2022-08-22,4457794.425779298
2022-08-23,4500610.000134389
2022-08-24,4499218.830475774
2022-08-25,4402686.441283991
2022-08-26,4439828.619196918
2022-08-29,4346365.913242323
2022-08-30,4366390.346682728
2022-08-31,4388055.425281135
2022-09-01,4406396.7865671655
2022-09-02,4397131.570471869
2022-09-05,4354138.860227032
2022-09-06,4345216.716103316
2022-09-07,4394187.213909934
2022-09-08,4199596.652727806
2022-09-09,4126257.950200698
2022-09-12,4006028.675165705
2022-09-13,3873303.861150931
2022-09-14,3956390.421737895
2022-09-15,4062971.5432432485
2022-09-16,4030939.6179566653
2022-09-19,4280617.056771506
2022-09-20,4318817.847128701
2022-09-21,4172903.750481648
2022-09-22,4235345.915879576
2022-09-23,4304354.646232945
2022-09-26,4335781.002315321
2022-09-27,4376588.119580228
2022-09-28,4417940.155387581
2022-09-29,4365593.277130629
2022-09-30,4249827.321288675
2022-10-03,4180459.302428907
2022-10-04,4298416.418070758
2022-10-05,4249276.48148481
2022-10-06,4278231.284195919
2022-10-07,4355901.71885661
2022-10-10,4297702.165134413
2022-10-11,4366774.972227031
2022-10-12,4417132.705831079
2022-10-13,4449711.791663237
2022-10-14,4519289.06352146
2022-10-17,4430496.707161896
2022-10-18,4476770.1031167405
2022-10-19,4605108.608334157
2022-10-20,4596162.847557488
2022-10-21,4571015.880404648
2022-10-24,4453046.679752517
2022-10-25,4435275.673736336
2022-10-26,4417205.942444255
2022-10-27,4556125.320379467
2022-10-28,4618575.740271834
2022-10-31,4802168.768235849
2022-11-01,4744854.50937869
2022-11-02,4778294.036310748
2022-11-03,4886441.318870735
2022-11-04,4914000.129034446
2022-11-07,4837531.968367911
2022-11-08,4789973.430232982
2022-11-09,4819311.951344504
2022-11-10,4732697.41358865
2022-11-11,4723630.342670537
2022-11-14,4656321.76176659
2022-11-15,4587429.023191473
2022-11-16,4508844.327560898
2022-11-17,4597062.513957606
2022-11-18,4566669.935009966
2022-11-21,4577416.796390629
2022-11-22,4582214.810036902
2022-11-23,4488123.884110246
2022-11-24,4524165.3356551435
2022-11-25,4607351.958196651
2022-11-28,4578291.916371833
2022-11-29,4601975.1395834675
2022-11-30,4580071.581710417
2022-12-01,4536404.989746646
2022-12-02,4449029.7994977115
2022-12-05,4530592.844116789
2022-12-06,4587512.251170851
2022-12-07,4491761.684170751
2022-12-08,4628060.939693911
2022-12-09,4646262.265873774
2022-12-12,4579203.713972161
2022-12-13,4607473.493450633
2022-12-14,4524726.123254181
2022-12-15,4388663.586157339
2022-12-16,4378693.966078335
2022-12-19,4378336.263206926
2022-12-20,4376107.443515307
2022-12-21,4335956.141286306
2022-12-22,4345987.456943303
2022-12-23,4325851.774043201
2022-12-26,4343498.599882646
2022-12-27,4359218.17389569
2022-12-28,4339082.909667574
2022-12-29,4314912.669844174
2022-12-30,4290832.292164686
2023-01-02,4264903.007372009
2023-01-03,4241926.945849022
2023-01-04,4258078.2444871655
2023-01-05,4283272.172607615
2023-01-06,4271013.288538095
2023-01-09,4272962.342868337
2023-01-10,4223840.603273759
2023-01-11,4213565.785113967
2023-01-12,4202813.894955817
2023-01-13,4199354.7752810065
2023-01-16,4223300.416925034
2023-01-17,4237382.885270032
2023-01-18,4236719.97933398
2023-01-19,4235613.30546384
2023-01-20,4277907.521490175
2023-01-23,4275112.873325481
2023-01-24,4283394.137470949
2023-01-25,4286228.299131626
2023-01-26,4319528.090479483
2023-01-27,4318482.339469783
2023-01-30,4304706.580416033
2023-01-31,4304354.799213078
2023-02-01,4286994.067909019
2023-02-02,4362470.571522662
2023-02-03,4438172.0567219015
2023-02-06,4398512.545127374
2023-02-07,4323930.184889557
2023-02-08,4345602.068322032
2023-02-09,4335537.9667429505
2023-02-10,4328843.982316414
2023-02-13,4308853.482364707
2023-02-14,4304362.546647772
2023-02-15,4189778.82722296
2023-02-16,4233569.928194059
2023-02-17,4284058.1108387085
2023-02-20,4273412.044161128
2023-02-21,4217004.625690138
2023-02-22,4152035.1288024653
2023-02-23,4314714.873460014
2023-02-24,4315924.324645682
2023-02-27,4324960.006157238
2023-02-28,4330907.427458257
2023-03-01,4248326.960434077
2023-03-02,4265625.716977205
2023-03-03,4361720.897179982
2023-03-06,4403909.2974188095
2023-03-07,4401051.735350463
2023-03-08,4410586.99952717
2023-03-09,4380416.905515048
2023-03-10,4371370.440165479
2023-03-13,4375366.703237966
2023-03-14,4423880.2415721705
2023-03-15,4383930.550926785
2023-03-16,4329541.090844612
2023-03-17,4300388.938118758
2023-03-20,4342960.517254196
2023-03-21,4359514.77868159
2023-03-22,4355129.502018861
2023-03-23,4367330.055910903
2023-03-24,4343244.888842291
2023-03-27,4284268.51128112
2023-03-28,4278067.895675881
2023-03-29,4281201.192651748
2023-03-30,4262966.130290062
2023-03-31,4228419.504349762
2023-04-03,4240823.03091485
2023-04-04,4270464.739295313
2023-04-05,4274011.6064228965
2023-04-06,4227696.821752199
2023-04-07,4181360.3325389423
2023-04-10,4159489.6297427663
2023-04-11,4072801.7691518064
2023-04-12,4111694.9651226588
2023-04-13,4150322.6388099915
2023-04-14,4066451.5384026947
2023-04-17,4069546.2596855727
2023-04-18,3999769.032676196
2023-04-19,3966579.9336867165
2023-04-20,3950655.6757631614
2023-04-21,3979792.962632022
2023-04-24,3957937.2493843674
2023-04-25,3981708.217524887
2023-04-26,3989039.4167076717
2023-04-27,4037628.9842543122
2023-04-28,4008132.753329548
2023-05-01,3846437.3676038436
2023-05-02,3850017.7737631598
2023-05-03,3825586.7860776
2023-05-04,3805779.1976893833
2023-05-05,3739633.2421808313
2023-05-08,3732291.579839524
2023-05-09,3730007.160512918
2023-05-10,3718353.1501285457
2023-05-11,3696178.430115872
2023-05-12,3635210.185672602
2023-05-15,3644443.8928558943
2023-05-16,3663382.036580414
2023-05-17,3641453.0686054686
2023-05-18,3625137.027803224
2023-05-19,3650858.4772568275
2023-05-22,3653002.0186758563
2023-05-23,3619845.385844252
2023-05-24,3604184.8079471407
2023-05-25,3491756.456886393
2023-05-26,3548574.81745973
2023-05-29,3583858.774263127
2023-05-30,3607939.8390829447
2023-05-31,3652588.2343756612
2023-06-01,3704863.9230151935
2023-06-02,3767811.727328693
2023-06-05,3843794.2775096134
2023-06-06,3841743.3870592527
2023-06-07,3890135.113814595
2023-06-08,3841999.4979762225
2023-06-09,3817777.8844602243
2023-06-12,3851638.766072466
2023-06-13,3920242.7525279783
2023-06-14,3915543.006495042
2023-06-15,3933076.907668063
2023-06-16,3913791.082445477
2023-06-19,3962143.8448343137
2023-06-20,4007909.0524035934
2023-06-21,4005969.8688898077
2023-06-22,3907725.0660489155
2023-06-23,3873883.7444570237
2023-06-26,3856025.4157050373
2023-06-27,3887455.7668701396
2023-06-28,3866647.4353512134
2023-06-29,3873253.8086548126
2023-06-30,3905729.623830819
2023-07-03,3996461.6007660553
2023-07-04,4010574.8075603335
2023-07-05,3954240.340706433
2023-07-06,3914129.8264415013
2023-07-07,3938382.9521517702
2023-07-10,3962809.347195665
2023-07-11,3957191.3454500614
2023-07-12,3904017.5506826285
2023-07-13,3942887.4125919673
2023-07-14,3882388.0741658676
2023-07-17,3912489.306015969
2023-07-18,3919107.4054422467
2023-07-19,3889123.105200378
2023-07-20,3886153.0732439607
2023-07-21,3859381.6367727946
2023-07-24,3918352.5226111016
2023-07-25,4044122.4832294392
2023-07-26,4089761.9663432646
2023-07-27,4052160.143082964
2023-07-28,4028499.766503422
2023-07-31,4004923.9563087537
2023-08-01,4014919.3583744434
2023-08-02,4012048.2296898193
2023-08-03,4002894.7795746583
2023-08-04,3992587.5950270337
2023-08-07,4006094.147015068
2023-08-08,4024863.5849014637
2023-08-09,4030076.253227322
2023-08-10,4009150.7826527096
2023-08-11,4030555.309771216
2023-08-14,4125799.2254968146
2023-08-15,4077379.879423029
2023-08-16,4072557.6030506217
2023-08-17,4110355.2263603224
2023-08-18,4178943.497282709
2023-08-21,4097655.946448193
2023-08-22,4141344.749885954
2023-08-23,4212678.082354322
2023-08-24,4290823.556679339
2023-08-25,4306911.138897082
2023-08-28,4284257.966726795
2023-08-29,4268549.246678582
2023-08-30,4610176.341304039
2023-08-31,4358935.80366394
2023-09-01,4400443.851112791
2023-09-04,4413293.973673824
2023-09-05,4517713.70905133
2023-09-06,4429696.006591247
2023-09-07,4192185.7547174413
2023-09-08,4198109.468328599
2023-09-11,4253059.632709684
2023-09-12,4336703.95635432
2023-09-13,4317383.175126829
2023-09-14,4407163.29044701
2023-09-15,4277207.385638596
2023-09-18,4247989.373663778
2023-09-19,4263344.102416002
2023-09-20,4258984.435850529
2023-09-21,4247184.813971639
2023-09-22,4217234.62942476
2023-09-25,4394596.615150991
2023-09-26,4384379.795845355
2023-09-27,4424746.938874163
2023-09-28,4474374.070176371
2023-09-29,4466271.326431528
2023-10-02,4461553.582827704
2023-10-03,4463250.580027559
2023-10-04,4401498.49877344
2023-10-05,4408656.503186401
2023-10-06,4430348.422097791
2023-10-09,4524741.093809453
2023-10-10,4561712.156221025
2023-10-11,4576538.619805678
2023-10-12,4617074.234778598
2023-10-13,4828620.55983686
2023-10-16,4483609.111955153
2023-10-17,4559881.7516961945
2023-10-18,4526340.633428243
2023-10-19,4608159.465440118
2023-10-20,4574855.232443324
2023-10-23,4378882.867571924
2023-10-24,4405896.448433885
2023-10-25,4427558.868483799
2023-10-26,4387242.975106918
2023-10-27,4464666.526566615
2023-10-30,4448953.146373457
2023-10-31,4456953.844849825
2023-11-01,4467081.583821109
2023-11-02,4480210.171321031
2023-11-03,4568301.846857223
2023-11-06,4757224.189633209
2023-11-07,4841183.685211814
2023-11-08,4825955.286506127
2023-11-09,4913479.686673857
2023-11-10,4879072.418526793
2023-11-13,4921258.249116278
2023-11-14,4918790.314788574
2023-11-15,4739465.653855353
2023-11-16,4768494.703812607
2023-11-17,4766193.674204433
2023-11-20,4532472.493859542
2023-11-21,4496869.455389687
2023-11-22,4463471.608636708
2023-11-23,4495519.372717879
2023-11-24,4470185.214069428
2023-11-27,4454690.633682867
2023-11-28,4462814.71613932
2023-11-29,4509812.177699087
2023-11-30,4512364.875730321
2023-12-01,4445945.444322145
2023-12-04,4441884.53229905
2023-12-05,4442428.042022861
2023-12-06,4475673.277491197
2023-12-07,4451755.0594635
2023-12-08,4402698.9940589415
2023-12-11,4399648.181062681
2023-12-12,4335442.281295583
2023-12-13,4331775.899979997
2023-12-14,4358898.761488726
2023-12-15,4362734.942570048
2023-12-18,4318244.213984305
2023-12-19,4308635.354571134
2023-12-20,4334613.813731477
2023-12-21,4402838.661090058
2023-12-22,4328790.853215313
2023-12-25,4361116.466301042
2023-12-26,4336697.063715987
2023-12-27,4318367.753916858
2023-12-28,4289184.308546811
2023-12-29,4324947.870708212
2024-01-01,4286425.755960344
2024-01-02,4298405.595241837
2024-01-03,4263798.186079248
2024-01-04,4275341.563878382
2024-01-05,4294835.671478795
2024-01-08,4244247.738367113
2024-01-09,4197994.226809022
2024-01-10,4261643.880470161
2024-01-11,4291744.638122253
2024-01-12,4210062.354995869
2024-01-15,4195045.795798255
2024-01-16,4141827.109969264
2024-01-17,4168648.748640144
2024-01-18,4075894.409158012
2024-01-19,4099602.876798811
2024-01-22,4139372.6251665154
2024-01-23,4096789.9264101186
2024-01-24,4086789.582392544
2024-01-25,3798790.7009302187
2024-01-26,3765763.7804240813
2024-01-29,3756061.3136666464
2024-01-30,3812082.50272774
2024-01-31,3780819.419873995
2024-02-01,3753625.4889228675
2024-02-02,3804708.2565861577
2024-02-05,3813699.2877017315
2024-02-06,3833290.595038941
2024-02-07,3811521.5857350556
2024-02-08,3831492.407700563
2024-02-09,3766417.062385
2024-02-12,3731809.379916427
2024-02-13,3739588.948354736
2024-02-14,3772022.4436951564
2024-02-15,3671025.5091577442
2024-02-16,3689182.576555033
2024-02-19,3662765.598317653
2024-02-20,3703460.557285025
2024-02-21,3671826.2104256228
2024-02-22,3625693.8617491117
2024-02-23,3661654.9562282735
2024-02-26,3649594.611803332
2024-02-27,3631986.444753632
2024-02-28,3655781.400196887
2024-02-29,3663344.121413929
2024-03-01,3621920.8448624145
2024-03-04,3618645.780820461
2024-03-05,3648010.574755531
2024-03-06,3685714.539672381
2024-03-07,3705461.749661534
2024-03-08,3686457.6820562324
2024-03-11,3665562.6911915047
2024-03-12,3664798.051693256
2024-03-13,3633452.8790316302
2024-03-14,3607894.9795198278
2024-03-15,3602793.0035826354
2024-03-18,3630216.3275115653
2024-03-19,3634893.2494978993
2024-03-20,3617114.3671656717
2024-03-21,3625875.446638849
2024-03-22,3613997.296238235
2024-03-25,3627778.418694316
2024-03-26,3645339.6967534204
2024-03-27,3626560.0234661144
2024-03-28,3625408.637149445
2024-03-29,3632968.2734574447
2024-04-01,3636595.949632003
2024-04-02,3627593.2620469723
2024-04-03,3657721.8228528923
2024-04-04,3668424.25491399
2024-04-05,3646509.1222051056
2024-04-08,3638401.300544362
2024-04-09,3647170.3223049063
2024-04-10,3641534.259397936
2024-04-11,3631586.1928597474
2024-04-12,3643751.1519200243
2024-04-15,3666505.137947237
2024-04-16,3611835.1732667238
2024-04-17,3599316.301365452
2024-04-18,3663013.4825801617
2024-04-19,3707018.5705585103
2024-04-22,3776152.9950526417
2024-04-23,3758279.04292508
2024-04-24,3774436.61105904
2024-04-25,3798373.0413960065
2024-04-26,3892946.319259801
2024-04-29,3895014.785197999
2024-04-30,3879831.582681174
2024-05-01,3859136.1384832114
2024-05-02,3857555.466617486
2024-05-03,3842013.2649773643
2024-05-06,3839935.9150759685
2024-05-07,3836819.438013986
2024-05-08,3861968.894291191
2024-05-09,3887870.334584887
2024-05-10,3891968.168591242
2024-05-13,3795716.4386580666
2024-05-14,3824452.856569883
2024-05-15,3803985.3891933034
2024-05-16,3840003.426202388
2024-05-17,3885671.685078552
2024-05-20,3957406.3557169205
2024-05-21,3909839.97943739
2024-05-22,3789196.2307332805
2024-05-23,3816092.922388378
2024-05-24,3792878.558369031
2024-05-27,3806526.0977132046
2024-05-28,3826127.4378918367
2024-05-29,3882506.1961680814
2024-05-30,3895058.9773504687
2024-05-31,3897173.165901396
2024-06-03,3907593.0360902203
2024-06-04,3904507.6114449208
2024-06-05,3911171.928793182
2024-06-06,3937801.5046539083
2024-06-07,3946320.2063689292
2024-06-10,4048156.018018847
2024-06-11,3935113.9594153343
2024-06-12,3860210.380983713
2024-06-13,3901867.0037418893
2024-06-14,3824190.9294625195
2024-06-17,3828360.3196903737
2024-06-18,3811459.9154153056
2024-06-19,3757137.2100314447
2024-06-20,3741407.7164690564
2024-06-21,3754454.7447533454
2024-06-24,3748120.799286757
2024-06-25,3924359.741281655
2024-06-26,3985991.351815741
2024-06-27,3577164.6937316405
2024-06-28,3528502.209360747
2024-07-01,3518385.9886230105
2024-07-02,3489135.7498860434
2024-07-03,3508286.2207465614
2024-07-04,3508015.677969228
2024-07-05,3516814.128860113
2024-07-08,3475468.5420135134
2024-07-09,3503163.7915650327
2024-07-10,3471595.60799891
2024-07-11,3468995.1670241556
2024-07-12,3468768.9664821047
2024-07-15,3421740.0468107522
2024-07-16,3441713.9163385294
2024-07-17,3433888.749126746
2024-07-18,3467791.035834442
2024-07-19,3379971.827829824
2024-07-22,3349978.317476738
2024-07-23,3387843.382005777
2024-07-24,3342889.4284179835
2024-07-25,3351891.824495383
2024-07-26,3409047.7030484686
2024-07-29,3460113.383854731
2024-07-30,3471439.2347304947
2024-07-31,3443203.4837790313
2024-08-01,3472924.0299831224
2024-08-02,3449072.7357832687
2024-08-05,3591314.298953847
2024-08-06,3534101.112618742
2024-08-07,3613366.610256668
2024-08-08,3610692.8786748545
2024-08-09,3611508.169088757
2024-08-12,3571142.932847491
2024-08-13,3588514.7767033065
2024-08-14,3612161.2805997627
2024-08-15,3609807.2410165984
2024-08-16,3571418.8315619766
2024-08-19,3566097.3157308595
2024-08-20,3583997.563149679
2024-08-21,3575885.3091860795
2024-08-22,3568459.0626019565
2024-08-23,3516981.505996898
2024-08-26,3528480.431575517
2024-08-27,3533657.8563216636
2024-08-28,3539141.723241601
2024-08-29,3508813.4442727366
2024-08-30,3494846.4402194056
2024-09-02,3508982.595914075
2024-09-03,3525794.6291461177
2024-09-04,3545579.457225427
2024-09-05,3546878.515432867
2024-09-06,3546348.794052603
2024-09-09,3522195.5862370646
2024-09-10,3542414.9529353515
2024-09-11,3530239.9110568147
2024-09-12,3544939.5237949165
2024-09-13,3529456.1827194337
2024-09-16,3505030.991299402
2024-09-17,3486064.3021059283
2024-09-18,3499729.803511416
2024-09-19,3492936.9339922885
2024-09-20,3494554.746327017
2024-09-23,3511371.570145272
2024-09-24,3514310.122430142
2024-09-25,3510866.2498695035
2024-09-26,3538634.794918086
2024-09-27,3528689.172005876
2024-09-30,3518481.071015263
2024-10-01,3519209.480924494
2024-10-02,3503528.8492169203
2024-10-03,3500886.403978505
2024-10-04,3515307.179767282
2024-10-07,3531582.2125797016
2024-10-08,3523760.8060638304
2024-10-09,3534218.6625967524
2024-10-10,3519875.2822352913
2024-10-11,3547739.665948849
2024-10-14,3564076.410802086
2024-10-15,3557121.075158326
2024-10-16,3527086.3543873997
2024-10-17,3581146.737904682
2024-10-18,3585822.5058557573
2024-10-21,3566345.5141586005
2024-10-22,3575822.1818239116
2024-10-23,3606234.5471850345
2024-10-24,3608942.0888742483
2024-10-25,3628752.4336958393
2024-10-28,3610190.0829703873
2024-10-29,3546144.978476223
2024-10-30,3566200.7184726475
2024-10-31,3590200.3933992954
2024-11-01,3602736.6948870197
2024-11-04,3591575.595636504
2024-11-05,3612867.9995363033
2024-11-06,3609609.7729100217
2024-11-07,3626519.802935462
2024-11-08,3622300.258614738
2024-11-11,3647584.49933965
2024-11-12,3639260.116422642
2024-11-13,3658891.034576655
2024-11-14,3632559.3362473077
2024-11-15,3597466.726072001
2024-11-18,3571612.6597080086
2024-11-19,3582600.820430132
2024-11-20,3580383.370472251
2024-11-21,3570116.021451364
2024-11-22,3585575.120052483
2024-11-25,3513182.970720044
2024-11-26,3535992.6600118955
2024-11-27,3536149.349926109
2024-11-28,3539440.793612261
2024-11-29,3564074.1635775766
2024-12-02,3558987.276071533
2024-12-03,3551021.189225168
2024-12-04,3565386.378791943
2024-12-05,3557368.902456678
2024-12-06,3601219.7749475217
2024-12-09,3578487.816662031
2024-12-10,3580669.7969649853
2024-12-11,3568084.54117031
2024-12-12,3563582.805027431
2024-12-13,3543872.1498919507
2024-12-16,3550423.903973286
2024-12-17,3542461.5069619953
2024-12-18,3551008.7577157393
2024-12-19,3551747.911356191
2024-12-20,3530084.8708135793
2024-12-23,3532088.9189280407
2024-12-24,3519079.912498693
2024-12-25,3572512.515649926
2024-12-26,3440828.256607341
2024-12-27,3518801.3285204433
2024-12-30,3513395.141880553
2024-12-31,3522594.827529399
2025-01-01,3535688.130647426
2025-01-02,3572993.6978536984
2025-01-03,3535355.3043108517
2025-01-06,3460168.084694712
2025-01-07,3392005.0923130857
2025-01-08,3418637.146116475
2025-01-09,3432577.896451426
2025-01-10,3475309.6809230745
2025-01-13,3489041.236786556
2025-01-14,3522679.671122723
2025-01-15,3610754.4358837525
2025-01-16,3700453.971760068
2025-01-17,3692987.958960924
2025-01-20,3805870.8419527235
2025-01-21,3791538.137416316
2025-01-22,3767647.945230741
2025-01-23,3781478.7362520793
2025-01-24,3722222.961412998
2025-01-27,3709247.8800094817
2025-01-28,3688468.9567616875
2025-01-29,3718855.164922754
2025-01-30,3730333.4243592587
2025-01-31,3672700.1488312385
2025-02-03,3724885.7807940445
2025-02-04,3748734.2933924557
2025-02-05,3815151.639171209
2025-02-06,3904866.4370542276
2025-02-07,3946837.132974124
2025-02-10,3932235.3800703827
2025-02-11,4002241.9600718254
2025-02-12,3940334.8534803465
2025-02-13,3992530.4309402
2025-02-14,3983341.0639430224
2025-02-17,3881755.962441177
2025-02-18,3922172.369373126
2025-02-19,3823238.1961920033
2025-02-20,3785818.223521478
2025-02-21,3686599.0354332947
2025-02-24,3671789.4606870012
2025-02-25,3661038.733531116
2025-02-26,3646029.626339568
2025-02-27,3646761.972748118
2025-02-28,3625673.238383593
2025-03-03,3596858.963878492
2025-03-04,3656129.6671832968
2025-03-05,3648137.5881180773
2025-03-06,3647564.5872174026
2025-03-07,3653254.2744119763
2025-03-10,3652227.2406039108
2025-03-11,3620586.967499375
2025-03-12,3635433.5767326425
2025-03-13,3620204.4940484785
2025-03-14,3678090.5222539585
2025-03-17,3679178.81287665
2025-03-18,3702372.8850397263
2025-03-19,3705790.3534885836
2025-03-20,3696933.658474159
2025-03-21,3731919.073059968
2025-03-24,3791838.467518875
2025-03-25,3779903.2124899365
2025-03-26,3788475.2652096306
2025-03-27,3738952.9164363625
2025-03-28,3792866.6284386753
2025-03-31,3780079.461119869
2025-04-01,3754905.1838569706
2025-04-02,3738640.071919926
2025-04-03,3749837.3988341484
2025-04-04,3757071.6627549343
2025-04-07,3754281.6636292976
2025-04-08,3718156.152754185
2025-04-09,3734573.036789297
2025-04-10,3726451.6730800117
2025-04-11,3728266.847714589
2025-04-14,3737058.6520370804
2025-04-15,3757880.8538072207
2025-04-16,3744279.3450674545
2025-04-17,3742351.968414501
2025-04-18,3777532.851698133
2025-04-21,3728475.5505649773
2025-04-22,3747995.904998259
2025-04-23,3720025.798977103
2025-04-24,3715504.9854221297
2025-04-25,3716334.839928368
2025-04-28,3736617.878293401
2025-04-29,3722282.0234264703
2025-04-30,3718675.1135189966
2025-05-01,3741904.500655924
2025-05-02,3711808.1887370055
2025-05-05,3707543.1632463094
2025-05-06,3729734.870147889
2025-05-07,3719714.345984363
2025-05-08,3731886.297363565
2025-05-09,3760833.8113141414
2025-05-12,3777803.9188412605
2025-05-13,3739757.496601445
2025-05-14,3747331.844921488
2025-05-15,3720604.6983368383
2025-05-16,3735305.1860372205
2025-05-19,3730539.7651573494
2025-05-20,3734383.56661318
2025-05-21,3725510.4375648582
2025-05-22,3682072.5744129606
2025-05-23,3676133.9363193526
2025-05-26,3665940.7493488486
2025-05-27,3615452.744290683
2025-05-28,3633451.418874871
2025-05-29,3651197.2362865442
2025-05-30,3637917.147720898
2025-06-02,3641654.53421968
2025-06-03,3658729.23154325
2025-06-04,3654221.918189778
2025-06-05,3673488.8227422093
2025-06-06,3660434.6187943853
2025-06-09,3642704.9606853677
2025-06-10,3636097.170224745
2025-06-11,3627614.3164747674
2025-06-12,3611760.6708833296
2025-06-13,3631997.0559298326
2025-06-16,3603955.381757217
2025-06-17,3481413.3135421537
2025-06-18,3419910.2019148082
2025-06-19,3431894.289809046
2025-06-20,3438689.25341112
2025-06-23,3459292.778946119
2025-06-24,3485096.85601683
2025-06-25,3491781.2676911023
2025-06-26,3519370.294084088
2025-06-27,3522809.23966924
2025-06-30,3547990.2773971357
2025-07-01,3536270.0044377223
2025-07-02,3528848.4591730116
2025-07-03,3523604.4163806275
2025-07-04,3568148.305942982
2025-07-07,3551934.482364514
2025-07-08,3571928.7193074813
2025-07-09,3560366.331487459
2025-07-10,3549872.4719638894
2025-07-11,3551853.5137738204
2025-07-14,3569620.40572678
2025-07-15,3666172.436799355
2025-07-16,3674443.009872768
2025-07-17,3642758.7808876717
2025-07-18,3630161.2354528164
2025-07-21,3617492.520780585
2025-07-22,3665579.952953254
2025-07-23,3639376.189106879
2025-07-24,3685012.1115991888
2025-07-25,3701919.140192767
2025-07-28,3713520.4496053355
2025-07-29,3698071.5051779286
2025-07-30,3715315.570684451
2025-07-31,3740679.4071943117
2025-08-01,3771428.6899106726
2025-08-04,3749139.650168379
2025-08-05,3725451.738329874
2025-08-06,3719414.5496627023
2025-08-07,3766414.9833182497
2025-08-08,3719386.058147716
2025-08-11,3726413.416410531
2025-08-12,3730728.6149209724
2025-08-13,3751843.8917900645
2025-08-14,3720547.3577575274
2025-08-15,3712347.068924723
2025-08-18,3725172.6541838986
2025-08-19,3684606.948141809
2025-08-20,3687302.784525905
2025-08-21,3697060.463103345
2025-08-22,3720265.6510245935
2025-08-25,3702307.840336455
2025-08-26,3710051.7499792655
2025-08-27,3685237.0345293935
2025-08-28,3683670.813348015
2025-08-29,3661667.7166198986
2025-09-01,3657745.320443035
2025-09-02,3771741.8084391444
2025-09-03,3724325.1937056994
2025-09-04,3739836.491843428
2025-09-05,3773606.948064225
2025-09-08,3786601.133204822
2025-09-09,3778668.9189014705
2025-09-10,3793565.8343100576
2025-09-11,3792982.731567131
2025-09-12,3772180.8053769353
2025-09-15,3795753.15675396
2025-09-16,3802116.558824866
2025-09-17,3860545.737649001
2025-09-18,3950469.209690411
2025-09-19,3928689.4111151467
2025-09-22,4165872.414544593
2025-09-23,4238096.882477773
2025-09-24,4290746.834487182
2025-09-25,4310566.898760366
2025-09-26,4295686.624400998
2025-09-29,4426527.0401802985
2025-09-30,4357767.30180602
2025-10-01,4271184.198463718
2025-10-02,4356166.092196133
2025-10-03,4368796.523165887
2025-10-06,4489990.57526152
2025-10-07,4449831.6671024775
2025-10-08,4469583.574033803
2025-10-09,4499614.539429735
2025-10-10,4424885.883274503
2025-10-13,4387938.535740802
2025-10-14,4433980.101287794
2025-10-15,4501396.82175589
2025-10-16,4323229.466934652
2025-10-17,4502709.857809907
2025-10-20,4475836.330689158
2025-10-21,4491232.041601563
2025-10-22,4414149.03348576
2025-10-23,4377904.872330887
2025-10-24,4311975.958371134
2025-10-27,4133261.141893404
2025-10-28,4194926.414519773
2025-10-29,4357149.738452302
2025-10-30,4397324.835562543
2025-10-31,4429506.810633773
2025-11-03,4484373.704793037
2025-11-04,4373129.60431835
2025-11-05,4445462.333529918
2025-11-06,4491915.134422407
2025-11-07,4457769.89049104
2025-11-10,4510039.494346933
2025-11-11,4546926.220775814
2025-11-12,4486224.138215147
2025-11-13,4535800.579047484
2025-11-14,4587841.548964177
2025-11-17,4533060.840224561
2025-11-18,4650130.524514609
2025-11-19,4651571.363100352
2025-11-20,4666162.992500255
2025-11-21,4739599.672797803
2025-11-24,4807343.595811545
2025-11-25,4809089.820908893
2025-11-26,4805260.633242655
2025-11-27,4799168.736384827
2025-11-28,4751112.808825672
2025-12-01,4784612.658223347
2025-12-02,4818180.265092771
2025-12-03,4801909.695792474
2025-12-04,4807085.000964351
2025-12-05,4797286.567638848
2025-12-08,4748807.099191403
2025-12-09,4745394.56830526
2025-12-10,4726102.109883908
2025-12-11,4754085.779777224
2025-12-12,4803453.781395169
2025-12-15,4804892.581359036
2025-12-16,4801799.85288122
2025-12-17,4780267.212034362
2025-12-18,4788820.145938822
2025-12-19,4811898.843858673
2025-12-22,4749803.950806723
2025-12-23,4800930.838916201
2025-12-24,4745601.71625467
2025-12-25,4652899.370707035
2025-12-26,4632102.020192614
2025-12-29,4627033.563248352
2025-12-30,4647109.953951264
2025-12-31,4683788.374726753
2026-01-01,4580320.510788903
2026-01-02,4689212.073537138
2026-01-05,4705870.656637471
2026-01-06,4792294.452919325
2026-01-07,4777609.398459633
2026-01-08,4772036.707414436
2026-01-09,4772786.331733043
2026-01-12,4627712.1762327505
2026-01-13,4680506.347356638
2026-01-14,4695113.653460606
2026-01-15,4666786.196405323
2026-01-16,4628756.006567077
2026-01-19,4681284.427680456
2026-01-20,4723448.949870706
2026-01-21,4825642.025122144
2026-01-22,4831698.685992107
2026-01-23,4780686.073794606
2026-01-26,4856116.087159817
2026-01-27,4895077.812188179
2026-01-28,4953395.54125568
2026-01-29,4852875.732237782
2026-01-30,4847413.775477322
2026-02-02,4718715.549172145
2026-02-03,4918422.828007508
2026-02-04,4891356.760410722
2026-02-05,4876646.004386325
2026-02-06,4837881.143624336
2026-02-09,4734994.149884512
2026-02-10,4778629.259235198
2026-02-11,4817994.049269257
2026-02-12,4800156.915666092
2026-02-13,4816099.447321384
2026-02-16,4703085.833842192
2026-02-17,4658296.808273375
2026-02-18,4596342.666886484
2026-02-19,4492708.5158589985
2026-02-20,4543819.748942315
2026-02-23,4515895.931139582
2026-02-24,4503133.150790133
2026-02-25,4600343.685915427
2026-02-26,4618175.308679072
2026-02-27,4608001.480735351
2026-03-02,4469908.924219442
2026-03-03,4516861.479438776
2026-03-04,4464136.188014764
2026-03-05,4484504.3464171
2026-03-06,4469945.323512995
2026-03-09,4516637.002354332
2026-03-10,4731012.4307506485
2026-03-11,4708123.928290104
2026-03-12,4625646.771978401
2026-03-13,4653279.169181166
2026-03-16,4681511.316320576
2026-03-17,4565623.25719677
2026-03-18,4519753.078167174
2026-03-19,4446101.859592056
2026-03-20,4405503.969637625
2026-03-23,4533700.4921799125
2026-03-24,4555357.8060126435
2026-03-25,4556867.362564114
2026-03-26,4687925.068059412
2026-03-27,4761916.70519428
2026-03-30,4752969.49781004
2026-03-31,4705328.388817442
2026-04-01,4671062.35885494
2026-04-02,4606685.47146769
2026-04-03,4554790.902924328
2026-04-06,4584270.753234645
2026-04-07,4600301.421988271
2026-04-08,4558598.534766759
2026-04-09,4750146.067444371
2026-04-10,4675931.084346022
2026-04-13,4681090.83808561
2026-04-14,4692799.364830162
2026-04-15,4796600.021402067
2026-04-16,4855449.710204462
2026-04-17,4779449.004498789
2026-04-20,4861145.76052913
2026-04-21,4928915.63356038
2026-04-22,4945233.636855237
2026-04-23,4880598.881662954
2026-04-24,4846745.473828064
2026-04-27,4962102.524371691
2026-04-28,4939053.260706197
2026-04-29,4844737.095622741
2026-04-30,4884628.790767648
2026-05-01,4855215.808153521
2026-05-04,4858572.541653654
2026-05-05,4893838.804179484
2026-05-06,4897973.754269093
2026-05-07,4940008.876108504
2026-05-08,4878612.3080291115
2026-05-11,4860610.671358436
2026-05-12,4886551.466985258
2026-05-13,4902245.02766213
2026-05-14,4908534.462584864
2026-05-15,5006143.033137383
2026-05-18,5043893.242497695
2026-05-19,5044457.400705543
2026-05-20,4855879.747116122
2026-05-21,4972361.236368842
2026-05-22,4951959.797296813
2026-05-25,4785655.884623065
2026-05-26,4866866.579014622
2026-05-27,4865388.920999072
2026-05-28,4904877.7263690885
2026-05-29,4952299.179129514
2026-06-01,4936225.125453747
2026-06-02,4841482.932851331
2026-06-03,4854372.991633836
2026-06-04,4801789.850413089
2026-06-05,4972175.304913584
2026-06-08,5097477.81580383
2026-06-09,5180131.343199997
2026-06-10,5131361.088994444
2026-06-11,5181555.377756902
2026-06-12,5246383.004012687
2026-06-15,5228447.456929406
2026-06-16,5280744.565101242
2026-06-17,5292308.886646386
2026-06-18,5283722.447749657
2026-06-19,5255612.145017238
2026-06-22,5269455.083160995
2026-06-23,5193003.127234804
2026-06-24,5193835.535822716
2026-06-25,5223141.482562681
2026-06-26,5232652.986622864
2026-06-29,5178348.747516824
2026-06-30,5164768.061381979
2026-07-01,5176317.712256256
2026-07-02,5150250.676722623
2026-07-03,5162467.273402206
2026-07-06,5210618.574123165
2026-07-07,5254792.151290464
2026-07-08,5239913.246462547
2026-07-09,5202455.41831406
2026-07-10,5264394.377556863
2026-07-13,5306225.797907375
2026-07-14,5284588.722326729
2026-07-15,5194888.114066198
2026-07-16,5135493.314892869
2026-07-17,5097549.174413764
2026-07-20,5092466.243095244
2026-07-21,5081011.653613367
2026-07-22,5154493.0551436525
2026-07-23,5094656.7931752205
2026-07-24,5099885.428469709
2026-07-27,5145460.39456834
2026-07-28,5198232.128199151
2026-07-29,5144774.228977956
2026-07-30,5171540.4184888555
2026-07-31,5216990.520621569
2026-08-03,5219864.793107293
2026-08-04,5169643.115668386
2026-08-05,5170051.076080872
2026-08-06,5164826.566836791
2026-08-07,5114709.815528788
2026-08-10,5096570.30603197
2026-08-11,5002406.14970519
2026-08-12,5170586.263979708
2026-08-13,5130300.05808326
2026-08-14,5139429.588745393
2026-08-17,5094148.132615325
2026-08-18,5185485.334447083
2026-08-19,5225495.659868695
2026-08-20,5258365.9701723335
2026-08-21,5242946.674754665
2026-08-24,5266517.398084739
2026-08-25,5249743.062406957
2026-08-26,5262376.69832764
2026-08-27,5280951.504410268
2026-08-28,5243872.236734835
2026-08-31,5214794.4121323265
2026-09-01,5172937.186996729
2026-09-02,5241302.310449341
2026-09-03,5312712.053714922
2026-09-04,5337793.303596996
2026-09-07,5390900.395538964
2026-09-08,5361412.629733973
2026-09-09,5326491.911159273
2026-09-10,5345605.078698067
2026-09-11,5387983.530921129
2026-09-14,5430045.718654361
2026-09-15,5464031.02834943
2026-09-16,5511207.454416896
