level,risk_class,margin_type,bucket,risk_factor,value
factor,IR,Delta,USD,OIS|1y,-357363.2441173591
factor,IR,Delta,USD,OIS|2y,771461.0543340195
factor,IR,Delta,USD,OIS|3y,-5610.33935691239
factor,IR,Delta,USD,OIS|5y,-231816.33378484935
factor,IR,Delta,USD,OIS|10y,1383391.758176092
factor,IR,Delta,USD,OIS|15y,4917.975447749612
factor,IR,Delta,USD,OIS|20y,12818.863561085807
factor,IR,Delta,USD,OIS|30y,-1014352.461336016
factor,IR,Delta,USD,OIS|6m,125878.89135634343
factor,IR,Delta,USD,OIS|3m,4103.438806705994
CR,IR,Delta,USD,,1.0
K,IR,Delta,USD,,808937.0488702176
S,IR,Delta,USD,,693429.6030868597
factor,IR,Delta,EUR,OIS|1y,-199.09033679138054
factor,IR,Delta,EUR,OIS|2y,-408.89436359490486
factor,IR,Delta,EUR,OIS|3y,222777.62117664842
factor,IR,Delta,EUR,OIS|5y,1214933.784276196
factor,IR,Delta,EUR,OIS|10y,-1584897.290917922
factor,IR,Delta,EUR,OIS|15y,-1001898.6952479848
factor,IR,Delta,EUR,OIS|6m,-102651.74558992893
factor,IR,Delta,EUR,OIS|3m,-54142.01813569073
CR,IR,Delta,EUR,,1.0
K,IR,Delta,EUR,,1351537.6825866865
S,IR,Delta,EUR,,-1306486.3291390683
factor,IR,Delta,GBP,OIS|1y,119578.14516981531
factor,IR,Delta,GBP,OIS|2y,-2493.3444940135446
factor,IR,Delta,GBP,OIS|3y,-6141.679892125238
factor,IR,Delta,GBP,OIS|5y,1144206.7060261646
factor,IR,Delta,GBP,OIS|10y,-275131.0014627491
factor,IR,Delta,GBP,OIS|6m,-7233.7588851868795
CR,IR,Delta,GBP,,1.0
K,IR,Delta,GBP,,971143.5302793854
S,IR,Delta,GBP,,971143.5302793854
factor,IR,Delta,JPY,OIS|1y,120.51652652140365
factor,IR,Delta,JPY,OIS|2y,338.6232895958953
factor,IR,Delta,JPY,OIS|3y,932.934696259528
factor,IR,Delta,JPY,OIS|5y,4338.851514118789
factor,IR,Delta,JPY,OIS|10y,-715624.8251264117
factor,IR,Delta,JPY,OIS|3m,6000.363904142826
CR,IR,Delta,JPY,,1.0
K,IR,Delta,JPY,,708220.8852752963
S,IR,Delta,JPY,,-703893.5351957732
factor,IR,Delta,MXN,OIS|1y,12714.448473094017
factor,IR,Delta,MXN,OIS|2y,-9959.56025085361
factor,IR,Delta,MXN,OIS|3y,662241.5866209762
factor,IR,Delta,MXN,OIS|6m,-41611.35819644075
CR,IR,Delta,MXN,,1.0
K,IR,Delta,MXN,,637216.4576429443
S,IR,Delta,MXN,,623385.1166467759
factor,FX,Delta,FX,EUR,4213017.093379677
factor,FX,Delta,FX,GBP,-1273876.308670234
factor,FX,Delta,FX,JPY,-1547288.0816474333
factor,FX,Delta,FX,MXN,774535.6899209382
K,FX,Delta,FX,,3678282.1051899614
factor,IR,Vega,USD,1y,127729.55420387197
CR,IR,Vega,USD,,1.0
K,IR,Vega,USD,,127729.55420387197
S,IR,Vega,USD,,127729.55420387197
factor,IR,Vega,EUR,3y,211591.20173154876
factor,IR,Vega,EUR,5y,211591.20173154876
CR,IR,Vega,EUR,,1.0
K,IR,Vega,EUR,,419996.54332124186
S,IR,Vega,EUR,,419996.54332124186
factor,IR,Vega,GBP,5y,-206285.62614686828
CR,IR,Vega,GBP,,1.0
K,IR,Vega,GBP,,206285.62614686828
S,IR,Vega,GBP,,-206285.62614686828
factor,FX,Vega,FX,EURUSD,2125.7205733686706
factor,FX,Vega,FX,USDMXN,107575.51446849087
factor,FX,Vega,FX,GBPUSD,377702.6353694704
K,FX,Vega,FX,,442605.25508521934
factor,IR,Curvature,USD,1y,12248.039444206901
K,IR,Curvature,USD,,12248.039444206901
S,IR,Curvature,USD,,12248.039444206901
factor,IR,Curvature,EUR,3y,6763.189096442197
factor,IR,Curvature,EUR,5y,4057.9134578653184
K,IR,Curvature,EUR,,10670.160643093914
S,IR,Curvature,EUR,,10670.160643093914
factor,IR,Curvature,GBP,5y,-3956.1626932276104
K,IR,Curvature,GBP,,3956.1626932276104
S,IR,Curvature,GBP,,-3956.1626932276104
theta,IR,Curvature,,,0.0
lambda,IR,Curvature,,,5.634896601021214
factor,FX,Curvature,FX,EURUSD,737.5349411637054
factor,FX,Curvature,FX,USDMXN,9331.035994119515
factor,FX,Curvature,FX,GBPUSD,65523.4028509084
K,FX,Curvature,FX,,68660.27242139108
theta,FX,Curvature,,,0.0
lambda,FX,Curvature,,,5.634896601021214
margin_type,IR,Delta,,,1718578.1801025264
margin_type,IR,Vega,,,440143.4540648829
margin_type,IR,Curvature,,,209933.7877373535
risk_class,IR,,,,2368655.421904763
margin_type,FX,Delta,,,3678282.1051899614
margin_type,FX,Vega,,,442605.25508521934
margin_type,FX,Curvature,,,462485.5094786788
risk_class,FX,,,,4583372.869753859
product_class,,,,RatesFX,5465781.249783114
total,,,,,5465781.249783114
