test_id,area,description,preconditions,input,expected,tolerance,actual,result,evidence_file,executed_at,executed_by
U01,pricing,PV is zero when the contract basis equals the market basis and the initial FX equals spot,XCCY booked at market basis and spot,"EUR/USD XCCY 50mm EUR 5y, basis = market basis, initial FX = spot",PV = 0,abs 1.0 USD,"PV = 0 USD at basis -18.0008bp, initial FX 1.138793",PASS,uat_results.csv,2026-10-02T16:17:55,uat.run_uat (automated)
U02,pricing,Vectorised PV equals an independent leg-by-leg discounting of every cash flow,off-market basis and initial FX,"50mm EUR 5y, basis -15bp, initial FX 1.08",PV equals independent sum,abs 1.0 USD,"vectorised 3019636.452 vs leg-by-leg 3019636.452 USD, difference 0",PASS,uat_results.csv,2026-10-02T16:17:55,uat.run_uat (automated)
U03,sensitivities,Sum of the IR delta ladder equals the parallel PV01 from a full re-bootstrap,IM-relevant PV (exchange excluded),EUR and USD curves,ladder sum = parallel PV01,rel 0.001,EUR ladder 24909.16035 vs PV01 24909.16033; USD ladder -21495.79004 vs PV01 -21495.79,PASS,uat_results.csv,2026-10-02T16:17:55,uat.run_uat (automated)
U04,sensitivities,Basis sensitivity equals notional x annuity x FX x 1bp,contractual basis on the EUR leg,50mm EUR 5y,notional * EUR annuity * EURUSD * 1e-4,rel 1e-06,bump-and-reprice 26663.06211 vs notional*annuity*FX*1bp 26663.06211 USD per bp,PASS,uat_results.csv,2026-10-02T16:17:55,uat.run_uat (automated)
U05,crif,"CRIF columns, risk types, labels and USD conversion are well formed",XCCY CRIF built on the scenario day,CRIF of the XCCY alone,"CRIF columns plus SigmaMarket; only Risk_IRCurve, Risk_XCcyBasis and Risk_FX; one basis row",exact,"10 rows; columns ok True; risk types ['Risk_FX', 'Risk_IRCurve', 'Risk_XCcyBasis']; one basis row True; tenor labels ok True; AmountUSD = Amount*FX True; header fields ok True",PASS,uat_evidence_xccy_crif.csv,2026-10-02T16:17:55,uat.run_uat (automated)
U06,simm,XCcyBasis risk weight is applied with no concentration scaling,EUR yield exposure large enough for CR > 1,XCCY basis row plus a large EUR yield row,"basis RW = 21, CR = 1; yield CR > 1",exact,"basis RW 21, CR 1, WS 559924.3043; yield CR 1.50759 (>1 so scaling is active)",PASS,uat_results.csv,2026-10-02T16:17:55,uat.run_uat (automated)
U07,simm,XCcyBasis is excluded from the concentration-risk sum,same CRIF with and without a huge basis row,basis row of 1e9 USD added,yield CR unchanged,abs 1e-12,"yield CR 1.50759427439 without basis row, 1.50759427439 with a 1e+09 USD basis row",PASS,uat_results.csv,2026-10-02T16:17:55,uat.run_uat (automated)
U08,simm,Basis-yield correlation -1% hand case for one currency bucket,"single EUR 5y yield row and one basis row, CR = 1","2e+06 USD yield, 1e+06 USD basis",K = sqrt(WS_y^2 + WS_b^2 - 0.02 WS_y WS_b),rel 1e-06,"engine K 123587054.3 vs hand 123587054.3 (WS_y 122000000, WS_b 21000000, rho -0.01)",PASS,uat_results.csv,2026-10-02T16:17:55,uat.run_uat (automated)
U09,crif,Principal exchange exclusion removes exactly the principal FX delta,same trade with exchange eligible and not eligible,50mm EUR 5y XCCY,FX delta(not eligible) - FX delta(eligible) = 1% * notional * DF_EUR(5y) * EURUSD,rel 1e-06,"FX delta full 570196.3645, exchange excluded 60645.89573; difference 509550.4688 vs principal 509550.4688 USD per 1%",PASS,uat_results.csv,2026-10-02T16:17:55,uat.run_uat (automated)
U10,schedule,Schedule IM uses the cross-currency swap row of 12 CFR Part 45 Appendix A,XCCY of 5 years,schedule_im on the XCCY alone,rate from schedule_im.csv x USD notional,rel 1e-06,"asset class 'Cross-currency swap', rate 0.0400 (file 0.0400), gross IM 2277585.046 vs 2277585.046 USD, net 2277585.046",PASS,uat_results.csv,2026-10-02T16:17:55,uat.run_uat (automated)
U11,simm,Sign symmetry of delta and vega margins with the XCCY added,sample book plus XCCY,CRIF amounts multiplied by -1,delta and vega margins unchanged,rel 1e-06,IR Delta 1773319.702 vs 1773319.702; FX Delta 3549365.085 vs 3549365.085; IR Vega 568359.6142 vs 568359.6142; FX Vega 464881.0883 vs 464881.0883,PASS,uat_results.csv,2026-10-02T16:17:56,uat.run_uat (automated)
U12,simm,Homogeneity: IM scales linearly when CR = 1 and at least linearly otherwise,XCCY alone (CR = 1) and the full book,CRIF amounts multiplied by 2,IM(2x) = 2 IM(x); book delta(2x) >= 2 delta(x),rel 1e-06,XCCY alone IM 1808812.615 -> 3617625.231 (x2.00000000); book delta margins 5322684.788 -> 10645369.58 (x2.000000),PASS,uat_results.csv,2026-10-02T16:17:56,uat.run_uat (automated)
U13,simm,XCCY adds no vega or curvature margin,sample book plus XCCY,margins of the book with and without the XCCY,vega and curvature margins unchanged,rel 1e-06,IR Vega 568359.6142 -> 568359.6142; FX Vega 464881.0883 -> 464881.0883; IR Curvature 279161.4571 -> 279161.4571; FX Curvature 539406.8852 -> 539406.8852,PASS,uat_results.csv,2026-10-02T16:17:56,uat.run_uat (automated)
U14,dispute,A missing XCCY on the counterparty side is detected and ranked first,"party A books the XCCY, party B does not",dispute.reconcile and rank_causes,rank 1 = missing_trade,exact,"gap -319948.2357 USD (IM_A 5584342.613, IM_B 5264394.378); rank 1 = missing_trade, residual 0; trade-population break XCCY_EURUSD_5Y",PASS,uat_evidence_dispute_xccy.csv,2026-10-02T16:17:58,uat.run_uat (automated)
U15,excel,Excel workbook rows reconcile to Python for the XCCY,workbook and outputs/excel_reconciliation.json exist,reconciliation report,no failed checks,per report,excel_reconciliation.json: all_passed = True over 3 cases,PASS,uat_results.csv,2026-10-02T16:17:58,uat.run_uat (automated)
U16,performance,Onboarding calculation runtime within budget,scenario-day market,"build CRIF, SIMM for book plus XCCY, one dispute ranking",runtime <= 5.0 s,5.0 s,1.419 s against budget 5 s (book plus XCCY IM 5584342.613 USD),PASS,uat_results.csv,2026-10-02T16:17:59,uat.run_uat (automated)
U17,regression,Existing portfolio IM is unchanged when the XCCY is not booked,CRIF rows of the book with and without the XCCY,all sample trades,identical rows and identical IM,exact rows; IM abs 1e-9,96 existing CRIF rows identical True; IM 5264394.378 vs 5264394.378 USD,PASS,uat_results.csv,2026-10-02T16:17:59,uat.run_uat (automated)
