TradeID,portfolio_id,ProductClass,RiskType,Qualifier,Bucket,Label1,Label2,Amount,AmountCurrency,AmountUSD,SigmaMarket
XCCY_EURUSD_5Y,NS_A,RatesFX,Risk_IRCurve,EUR,regular_well_traded,1y,OIS,-99.65717694827946,EUR,-113.48884797026729,
XCCY_EURUSD_5Y,NS_A,RatesFX,Risk_IRCurve,EUR,regular_well_traded,2y,OIS,-201.36021581881172,EUR,-229.30750820065114,
XCCY_EURUSD_5Y,NS_A,RatesFX,Risk_IRCurve,EUR,regular_well_traded,3y,OIS,-511.70025948772997,EUR,-582.7204295129484,
XCCY_EURUSD_5Y,NS_A,RatesFX,Risk_IRCurve,EUR,regular_well_traded,5y,OIS,22686.026311008427,EUR,25834.677139165826,
XCCY_EURUSD_5Y,NS_A,RatesFX,Risk_IRCurve,USD,regular_well_traded,1y,OIS,169.02303341391,USD,169.02303341391,
XCCY_EURUSD_5Y,NS_A,RatesFX,Risk_IRCurve,USD,regular_well_traded,2y,OIS,343.99966024905393,USD,343.99966024905393,
XCCY_EURUSD_5Y,NS_A,RatesFX,Risk_IRCurve,USD,regular_well_traded,3y,OIS,882.940048696867,USD,882.940048696867,
XCCY_EURUSD_5Y,NS_A,RatesFX,Risk_IRCurve,USD,regular_well_traded,5y,OIS,-22891.752784892786,USD,-22891.752784892786,
XCCY_EURUSD_5Y,NS_A,RatesFX,Risk_XCcyBasis,EUR,regular_well_traded,,,23413.450275891486,EUR,26663.062111413106,
XCCY_EURUSD_5Y,NS_A,RatesFX,Risk_FX,EUR,,,,60645.895729123615,USD,60645.895729123615,
